tweet,label
kiní yìí ọ̀tá orun ní í ṣe,0
inú ilé ni jọ́ọ̀nù ti ń kiri obìi tirẹ̀ ó ga o mùmú ni wá,0
oga o ewo ni orin eku lori oro oselu,0
honestly i had this experience yesterday one brother sitting close will not allow me concentrate bọ̀bọ́ yẹn kàn ń gbá ni àfi bí epo,0
ayé tó ṣe ilá tí ilá fi kó ló ṣe ikàn tí ó fi wọ ẹ̀wù ẹ̀jẹ̀ àwọn ló sọ ọrún di ọ̀pá mo gbédìí fáyé o,0
ǹjẹ́ ìwọ mọ̀ wípé awuyewuye àròyé ọ̀tẹ̀ bẹ́ sílẹ̀ nígbà tí a pa ajamï àdàlù èdè lárúbáwá tì tí a bẹ̀rẹ̀ sí í kọ èdè yorù,0
ikú ń kanlẹ̀kùn oúnjẹ àgbáyé àti ewu tí ó rọ̀ mọ́ ọn,0
ajé kún ìyá ni ó jé ẹni tí ó tó ní na tin de na de ni aje kún ìyá ni ó jé,0
theft iwa ole corruption iwa ibaje,0
ẹ̀yin ará twitter yìí ti ya nǹkan sí mi lọ́rùn mo ti fi aiye yín sílẹ̀ bẹ́ẹ̀ o,0
iro nparo fun iro tami afoju tan dolphin sun johns tiosun talk to oponu agbalagba,0
ẹní bá purọ́ á á jalè whoever lies habitually will steal nip those moral failings in the bud they hardly rema,0
ikunle abiamo oooooo wan ti yinban pa wan ooooo awon omo nijeria ti o gbe ogun oloro wo orile ede indonesia,0
tẹ gàba ️ jẹ gàba àwọn fúlàní ti ń tẹ gàba lórí wa ọjọ́ ti pẹ́ kì í ṣe òní,0
word of the day ọ̀rọ̀ ọjọ́ òní ìbùbá kí a farapamọ́ kó ìjà òjijì bá èèyànẹranko ǹkan ìdí nì ìyẹn tí wọ́n fi ma ń sọ wípé a kìí bá ẹkùn ní ìbùbá gẹ̀ẹ́sì rẹ̀ ni ambushto attack someone from a concealed position you dont ambush a tiger,0
fi enu wa rofu lori eto mukutaru pe awon omo birin choboku ni ewure igberaga ayedi ti fe pa run o,0
egbe agbaboolu fi di remi lale ana ni idije,0
a ò sì lè sọ bóyá adé àti bàbá súlè ẹ̀ṣọ́ ọjà tó hùwà àìbójúmu tí ó gbàlú kan wà ńnú wọn ~,0
á ka owó tì lálẹ́ oníbárà tó ńṣe ẹ̀ẹ́kẹ́ èébú a quarrelsome beggar would find few alms to count at the end of the,0
kiní ọ̀hún ò tiẹ̀ ta rárá ó wá rí ràṣìràṣì lẹ́nu nígbà tó ṣe mí bí ẹní fẹ́ bì,0
ko si abo fun enikeni mo ni orile ede yi falana,0
oṣù kìníní là ti ń sọ yìí lọ́jọ́ sí oṣù kejì ológun britain wá da bini rú wọ́n sọ ìlú ọlá bini di aoro,0
ti a ba wo ohun ti awon wooli aye ode oni so fifi ede fo daa le pe ogede naa benitori wipe kiko ni,0
sunday padanu ika meji nile olosho faanu lo ge e lowo nibi to ti n boso,0
ẹlẹ́yàmẹ̀yà pọ̀ nínú àwọn lárúbáwá wọ́n kórira àwa adúláwọ̀ púpọ̀ ojú ẹru ni wọ́n máa fi nwò wá,0
owó gegere tí ń gbà lọ́wọ́ akẹ́kọ̀ọ́ kíni wọ́n fi ń ṣe,0
ní òní nìkan ṣoṣo múrí mẹ́ta náírà lẹ ti gbọ̀n yọ kán mo ti sọ títí pàbo ni ó ń jásí kí ló dé ndan wọ́n bí ṣómi mẹ́ja ni,0
τ̲̅ơ̴̴̴̴̴̴͡ ba jumilo o ju olorun lo ma ale mo kayode mi,0
bi omi ba gbagbe orisun e gbigbe ni n gbe if waters forgets its source it drys up revelationmedia,0
ọ̀pọ̀lọpọ̀ ère wọ̀nyìí ni a pàdánù sí ọwọ́ èèbó amúnisìn,0
ta ni yìí gan an bí ṣe ń pa ọkùnrin ló ń pa obìnrin bẹ́ẹ̀ ní í pa ọmọdé àgbàlagbà àmọ́ àwọn mẹ́kúnnù ló ń forí kó o,0
àkàrà tú sépo,0
ti ará ile eni ba nje kókóró buruku ti a o ba so fun huru here ré ko ni jè ka sùn loruu,0
a ò mọhun ń jẹ́ èèwọ̀ mọ́n kò dáa ni kòdáa ń jẹ́ ni wọ́n sọ ti wa dì ni àṣìṣe ìṣekúṣe ìwàbàjẹ́ fi wọ́pọ̀ láwùjọ wa,0
se akufa kọ leleyi,0
bi iwa ba nu eeyan eyin o mo wi pe ayee re lo nu un ogu,0
kí iṣú tó di iyán a gún iṣu ní odó kò ní dáa fún,0
àkẹtẹ̀ ~► hat oòrùn ònìí gbóná kọjáa bẹ́ẹ̀ n óò dé àkẹtẹ̀ mi todays sun is so hot i will wear my hat,0
ìjẹkújẹ ìwa wọ̀nbílíkí wọ̀bìà ti ba jẹ́ olórin oléré ìtàgé wa gbogbo ní ń wọ ìṣèlú láti jẹun sápò tirẹ̀ náà,0
iyeni wipe ko ni je tolotolo ni ojo idupe ko si idariji fun tolotolo ni aso villa eiye jije ni e ku,0
èèwọ̀ sì ni ní bini kí ọba ó fi orí ìtẹ́ rẹ̀ sílẹ̀ fún ọjọ́ kan èèbó ba àṣà jẹ́ wọ́n da orí ìṣe kodò,0
woli da nnkan soju araa mi o tun gba owo lowo mi sibe n ko romobi n,0
bọ́mọdé bá ń dalẹ̀ kí ó má ṣe da ògún ọ̀rọ̀ ògún léèwọ̀,0
bíkòṣe ti àṣà tí wọ́n gbà ìyẹn ni aburú ibẹ̀,0
ẹ̀mí ọmọ ènìyàn kò ṣọ̀wọ́n ní ṣá o,0
iyawo ti a ba fi ijo fe dajudaju iran ni o wo lo,0
i can explain meanwhile wàhálà woman or ìjàngbòn mistress gistas mi ọwọn kẹn tii kẹ,0
àwíyé ni ifẹ̀ í fọ̀ gbangba ni oró ípẹran ohun tó bá jọhun ẹ jẹ́ ká fi wé hun èpo ẹ̀pá jọ pósí èlírí èèwọ̀ ni omi àti oúnjẹ lásìkò ramadan la fi lo ọ̀rọ̀ tó jọ ìṣe àìjẹ àìmu ìjánu ìwà àìtọ́ ní ìgbà yìí,0
otutu ti ojo ale ana mu wa laaro yii ko derun rara otutu ko fee je ki n dide lori ibusun,0
me ejo emabinu boda mi o bu yin o bet shey e ya weyrey ni people will yab you with respect,0
ẹnìkan kó ẹgbẹlẹmùkú owó pamọ́ owó tí ìrandéran rẹ̀ ò le è ná tán alákọrí sowó domi ó lóòhún pọmi sílẹ̀ dòǹgbẹ ni,0
àgbà tó so yangan mọ́di ló sọ ara ẹ̀ di aláwàdà fádìyẹ an elder who tied maize to his pants is the one who made hi,0
owó ti ayé ìwà ti òrun eni tólówó tí kò níwà dàbí onísòwò pàtàkì tí kò rílé désí,0
ọ̀rọ̀ tí ó lòdì sí ara wọn,0
dijú kí o se bi ẹni kú ki o ri bóyá isẹ ti o ranrímọ́ ò ni tẹ̀síwájú,0
ẹlẹ́rù ní ńgbé ẹrù ká tó ba ké ọfẹ,0
tok say iku enu atiku loma npa still omugo agba,0
ha wahala wa o yorùbátv ẹgbẹ ọmọ olúwa bí gbogbo àgbáyé ojú òpó ìkànsíraẹni yoruba tv,0
ejo omo karo ojire se won fi iresi sepe fun awon ara ipinle ekiti bi ti fi iresi wo opolo ekiti kete,0
ẹranko ìlú òyìnbó gan njayé tí ò sí fún ọmọ ènìà ní àmọ́ ó dàbí pé ìyà ti mọ́nra bí bẹ́ẹ̀ kọ́ ó yẹ káriwo pọ̀ jù báyìí lọ,0
ẹ kígbe olè olé ni wọ́n ohunolóhun ni wọ́n máa ń jí gbé nǹkan onínǹkan ni wọ́n máa ń sọ di ti wọn,0
baba ti wa fi na sori orule sun bayi o pelu gbo gbo ogun abele ti o de ba egbe oselu nise ni wan fe ko si oko balu lati lo sinmi ni ilu oba fun ojo mewa gba ko,0
afẹ́fẹ́ ọ̀ran nì fẹ́ sétíi òkòló wípé ohun ó jẹ́ mọ́ nǹkan ènìyàn lásán lóhun ìbànújẹ́ sorí àgbà kodò ìrònú gba ọkànan rẹ̀,0
ogun abele wo ti kaduna fesun kan oni ki asora o malamu fe gba ijoba lowo,0
ẹ wá mọ irọ́ britain lẹ́hìn tí ó pa òkíkí benin run,0
baba nla ere ni gej fi re wa lara loni e maa wo iro bantabanta bayii lenu olori orileede,0
àwọn olórí burúkú náà kò da ẹran gba igbó àfi ibi oko tí ẹniẹlẹ́ni tí fi gbogbo agbára àti àkókò ṣe,0
gbá wọn létí wọn ni kọ́n kọ etí kejì sí boko gẹ́gẹ́ bí àṣà onígbàgbọ́ boko tún sọ̀gbátí sí wọn etí di kíló wá kù báyìí,0
ejo ewa fi sekeseke ankofu si owo ati awon agbaya meji ti won so oro di ija igboro,0
ráńṣẹ́ sí àwọn ẹ̀gbá láti ti ọwọ́ ọmọ wọn bọ aṣọ kí wọ́n padà sí ìlú wọn ajá ní ń wí ẹran ní ń sọ̀rọ̀ ni àwọn ẹ̀gbá fi ọ̀rọ̀ ìjọba britain ṣìí àbùkù ò ní ilé ibikíbi nií ti ń dé bá ni lálejò ni ìjọba britain fi èsì ẹ̀gbá ṣe ní britain bá gbé,0
ikun n jogede ikun n redi ikun o mo wipe ohun to dun a maa pani ohun lo difa fun opo awon olori wa ni orileede yii,0
eniti kogbon ni awe n goawon onijibiti gbogbo àwọn wo nìyẹn o,0
ẹ kúu lédè ọba wa tó wàjà,0
pls dont choose igbo name chioma b they are not nigerian anymore they are called biafran tribe has real value of nig cardi ja omo iya shukura omo oduduwa ni ile ife,0
wọn pè yín lólè ẹ tún ń gbomo ẹran jo,0
ibo ni orileede wa yii wa nlo bayii aimoye eniyan ni won tun di ero orun ninu ija jtf ati boko haram,0
fideo ase eni abukun ni goodluck jonathan eje ki a fi ibo le wo si eti omi reverend mbaka lo so be o ni ilu enugu,0
inkan ti won gbin ni won ka abi ta lo le ka ogede ni po a,0
okonjoiweala tan awon omo naijiria lasan ni lori oro oko owo omo ile asofin,0
concise version olóòpá njé olè fúmi ní ìséjú méfà láti so òótó òrò fú o láti so òótó òrò táwon òjèlú àwon afúni lóko ìdi òpero àwon òránmo lómo nísé dé tòru tòru tí wón perawon ní ìjoba òfé jékí omò,0
wan abi hanrt ere idaraya eeemo deba orile ede ivory coast egbe agba boluu cont,0
ẹni tí a ó fẹ́ nílé ẹ ń jìnà,0
awon jegudujera oloselu wonyi ko ni itiju ati eri okan oun lofa bi won se,0
ọsàn tó rí gbajúmọ̀ tí kò bọ́ ẹyẹkẹ́yẹ ni yóò fi jẹ an orange that refuses to be plucked by a famous person will,0
oba oke yio da won lejo fun eje alaise ti won pa ika won ti poju,0
eniyan lo n pegba e l ekufo ki omo araye to baa fi ko idoti aguntan ti o ba baja rin ti won ba fi igbe loo ko ma binu,0
ejo se afise ni asofin iwa jagidijagon o boju mu,0
kò síbi tí kòkòròo jẹjẹrẹ kìí bá fàá ojú irun òbò ìfun ẹ̀dọ̀ kídìrin ọpọlọ ẹpọ̀n àti ẹ̀ya mìíràn lára,0
iya re le lowo lowo ki baba re lesin lekan ti o ba gboju le won o te tan ni mo wi,0
eku oro ilu o oro di unmmmmmmmm oro pe si je o oro di unmmmmmmmm,0
ìrírí fi hàn pé orílẹ̀èdè nàìjíríà jẹ́ ibi tí ó gbolè gba ọ̀lẹ bí a bá ń sọ̀rọ̀ àwọn ohun tí ìjọba gbẹ́sẹ̀ lé a lè rí àríwòye èyí nípa bí àwọn ènìyàn ṣe fẹ́ràn àlòkù ọkọ̀ sí tuntun látàrí àìlówó láti ra ọ̀ṣàrà,0
lẹ́yìn ìwádìí oṣù mẹ́ẹ̀ẹ́dógún ọ̀pọ̀ èèyàn ló ní iná mànàmáná ti mẹ́hẹ ju tẹ́lẹ̀ lọ,0
e ku dakudaji ero ibanisoro yin o e o se kuku ra okan si i e fi se eyi je eyi o je kó di mẹ́ta àbí,0
ẹ ti ẹ̀ gbọ́ ná ọ̀gbẹ́ni yẹn ò rí ìlú lọ ni wọ́n ní ó gbé ààrùnkárùn wá,0
ori awon elomi ti dota mehn,0
opolo yin ti daru fun iro se lori oro oselu yi abi,0
wípé àwọn ò ní jáwọ́ àyàfi ti ààrẹ pàwọ̀dà tó di mùsùlùmí ẹ ò rí nkan bí,0
bóbìnrin ò dán ilé ọkọ méjì wò,0
iwa ibaje ti awujo wa ko lati moju toohun lodi iwa afowora tolere cc,0
àwọn ọmọ ìbílẹ̀ sọ wípé iṣẹ́ tuntun fífẹ reluwé ń kóbá àwọn ẹranko agbègbè náà àti ààbòo wọn,0
ọ̀rọ̀ kò rí bẹ́ẹ̀ rárá o a ti ní afárá kí amúnisìn tó wá fọ́ gbogboo rẹ̀ lójú poo,0
tí wọ́n wà ní ìgbẹ́ìn láàárín ọjọ́ mélòó kan àwọn ọmọ ẹ̀gbá pa ẹgbẹ̀ta ajẹ́lẹ̀ ní ẹ̀gbá nígbà tí aláàfin gbọ́ èyí ó rán àwọn ọmọ ogun láti ọ̀yọ́ ẹ̀gbádò àti ìbàràpàá lọ sí ẹ̀gbá kí wọ́n lọ jẹ ẹ̀gbá run ṣùgbọ́n nígbà tìí kakanfò baálẹ̀,0
oro apoda ni un so igba ti fi enu warofu nibo lo wa lo ka ofin cybercrimes prohibition prevention etc act,0
nínú otútù yìí ni àwọn kan tún ń gbá ara wọn ti yi bí agílíńtí,0
alaileko ni oloselu to ba ko oro oloye bisi akande danu apc tolulope,0
o ya mi lenu o awon alainironu ara galatia opolo eranko lọ́ tún kàn ti súu yín |,0
nígbàtí ìgbà àti àkókò bá súnkì di àgbákò níbo wá ni pípàdé aburú ti wá,0
mo ti ńfo èyí mo ti ńfo tọ̀hún lo ńmú ológbò kó sínú épo gbígbóná i can hop over this i can hop over that is how,0
kí ìpínlẹ̀ yorùbá ó máa sààmi bíi ti ṣe ní,0
kí lọ́ ti ń pè é súnkẹrẹ fàkẹrẹ láràárọ̀ ọjọ́ mọ́ndè,0
awon yahooyahoo yi shahahahahaha ah ọ̀gbẹ́ni tẹju má pa mí o,0
ẹni rí nǹkan he tófẹ́ kú pẹ̀lú ẹ̀ ooo owó ẹni tóti sọnù ńkọ́ ̀bá,0
aaaah aunty temi nitori olohun ewo lebo oran,0
ogbeni pe pasitor ni opuro wan wipe alatenuje ni pasito reno,0
adùn tí a ṣe ní ìlànàa ìgbàlódé kò sunwọ̀n fún ara wa èyí gan an ni ńkóbá ojú àti ìmọ́lẹ̀ojú,0
ebi ń pejò ahun ń yọ àti ahun àti ejò ẹran jíjẹ,0
tẹ̀mbẹ̀lẹ̀kun èyí jẹ́ ìwà kí a rí èèyàn kí a fẹyín si kí ẹni náà bójú wẹ̀hìn kí a ma wá ìṣubú ẹni náà this is a behaviour where mr a sees mr b and smiles at mr b when mr b turns his back mr a only has evil plots against mr b,0
ṣé òótọ́ ni ohun gbogbo tí ìjọba wa sọ fún wa ṣé ẹ ò mọ̀ wípé àṣejù fúlàní ní nigeria ti ré kọjá ewé,0
ogbeni to ba fe kan abuku ofe ni ask yoruba friend,0
bí wọ́n bá so ìyẹ́ adìẹ mọ́ ẹnu ọ̀nà baálé ilé kan ó túnmọ̀ sí wípé ó ń ṣe àgbèrè pẹ̀lú ìyàwó oníyàwó kí ó sì dẹ̀hìn ọkọ arábìnrin tí baálé ilé yìí ń bá ṣe àgbèrè tàbí ọ̀kan nínú ẹbí rẹ̀ ló wá so ìyẹ́ adìyẹ náà mọ́ ilé rẹ̀,0
nise ni a o tun maa jeri won wipe awon ni won daa ju lagbaye mtcheeew,0
àwọn náà kọ́ ara iṣẹ́ ọwọ́ àwọn òyìnbó amúnisìn ni,0
olopa wo gau won sun lo ni tesan lafurasi ba salo meji ninu awon,0
ìwádìí fi hàn pé tó bá ma fi di ọdún un èèyàn yó pọ̀ si ó sì ṣeé ṣe kóúnjẹ má tòó mọ́,0
jamba ti o de ba okoja be careful mu oro dino bi ise ni asiri bere si tu lotun losi dino o je ya dobale,0
ah àwọn oníbodè naija tún dé o ó láti jẹ́ pé wọ́n jí adìẹ ọ̀hún gbé lọ́na ni tí mo dín i gbẹ dáadáa toò àṣèyíṣẹ̀míì o,0
igba iponju laa more to je gidi ko sore mo alabarin lo ku,0
ìjàmbá nlá gbáà ni fún bàbá trump àyàfi kó gba ònàa pápá golfu lọ kíákíá kó lọ mu omi sùúrū díẹ̀,0
culture todays proverb a fi ọ́ jọba ò ńṣàwúre o fẹ́ jẹ ọlọ́run ni,0
hrw gt níkẹ̀ẹ́ tí fìyà jẹ léjìgbò ní pípa ni wọ́n ma ń pa ẹní bá pàyàn gt,0
ewu sì ni bí ọmọ aráyé ò bá fẹ́ ni wọ́n lè dènà de ni wọ́n lè gbé kòtò sílẹ̀ kí olódì wọn kó sí i nítorí pé wọn kò fẹ́ràn ẹni,0
ti iya nla ba gbeni san ile kekeke yoo ma wa gun ori eni,0
ẹrú àti ọmọ bí a ṣe bí ẹrú la bí ọmọ,0
aaya do mi mi mo omo ti e fun lomu omolomo laa ran nise de torutoru,0
awon aliankanse ni fi esin ke wo,0
odò ti ó bá gbàgbé orisun gbi gbẹ ló ngbẹ yoruba proverb a river that forgets its source will eventually dry up,0
beeni eeyan mi irugbin idaru dapo ojo hun anna ta agbin lanna lo tin wu yi,0
omode o mo ogun nise lon pe le fo kuturu fe jagun,0
eni ti o ba ni iru eni kole mo iyi eni,0
àkérékeàkééke ni ìyàwó náà tí a gbé tí ó ní kí a máà fọwọ́ kan ìdí òun oró òjógan máa ń ta ni pa h,0
ah àwọn ará ilú òkèrè wọ̀nyí ṣá ọlọ́run nbẹ ẹ̀rù ò tiẹ̀ kí nbàwọ́n rárá,0
ààrẹ buhari sọ̀rọ̀ nàá nígbà tó n sọrọ níbi ìpàdé commonwealth ní westminster lọjọru ọsẹ ṣé lóòótọ́ ní àwọn ọdọ́ nàìjíríà kò fẹ ǹkan ṣe,0
ohun ti o maa n bimi ninu nipa awon sorosoro ere idaraya ile nigeria niyi dipo ka panu po ka ba awon super eagles wi wipe won doju ti wa,0
ọ̀rọ̀ ibàkanìbàkàn tí ń jẹ́ ebola tó gba ẹ̀mí odindin èèyàn ó gba ẹran ìgbẹ́ lẹ́nu wa ó tún fẹ́ gba ẹ̀kọ́ lọ́wọ́ ọmọ wa,0
ẹ ò ṣáà fẹ́ ká wí ti wa ẹ ò lè fi ọwọ́ bo kúkù òjò ẹ mọ̀ yẹn,0
bí a bá ṣe ìkà fún ẹni dúdú,0
mo ti rí i mo ti rí i mo gbé e gbági pẹ̀lú àìfarabalẹ̀ wo àmìi rẹ̀,0
ìgbàgbé ṣe mi ẹ jẹ́ n gbọ́ ọ nísìsiyìí kí n fún yín lábọ̀,0
hehe arọ míì ya òmùgọ̀ ná lóòótọ́ ogun tí kìí pa akin tí kìí pa ojo àfi aláìfọ̀rọ̀pọ̀ràn,0
nígbà tẹ fi ogún ọdún pilẹ̀ wèrè ọdún mélo lẹfẹ́ fi bugi jẹ o,0
asofin ti yi ilu pada otaku si egbe oselu oni ipako lohun ko si,0
otù ifẹ́ orísun ìran yoòbá ò ní í tú ilẹ̀ yorùbá ò ní í tú ara kì yóò tu àwọn ìráṣẹ́ ikú gbogbo tó pètepèrò ibi ilẹ̀ẹ wa,0
ẹní tó bá ṣe ohun tí ẹnìkan ò ṣe ríá á rí ohun tí ẹnìkan ò rí rí whoever does what no one has done will experien,0
fọ́nrán àwọn kan ro pe ẹda mi ni àwọn n rí ṣùgbọ́n ijakule ló jẹ́ fún wọn pé mo wà láàyè ààrẹ buhari,0
kílagberò àtọlọ́pàá fi jọra owó oríta agberò tún ń bá ọlọ́pàá gbowó oríta ọmọìta ti fa èkó ya pẹ́rẹpẹ̀rẹ ó ṣe,0
yorùbá sọra wọn di bọ́ọ̀lù táráyé ń gbá,0
agbára ipò kakanfò aláàfin aólẹ̀ bínú ṣùgbọ́n kò bá àfọ̀njá wí wípé ó fi agbára gba ipò kakanfò èyí mú kí àfọ̀njá di ọ̀tá aólẹ̀ àkọ́kọ́ baṣọ̀run àti aólẹ̀ bẹ̀rẹ̀ sií ní gbọ́nmi omi ò tó nígbà tí àwọn ọmọ baṣọ̀run digun lọ kó ọjà oníṣòwò haúsá tí,0
aísáyà wò o ọjọ oluwa mbọ̀ pẹlu ibinu pẹlu ibinu ati ibinu ibinu lati sọ ilẹ na di ahoro on o si pa awọn ẹlẹṣẹ run kuro ninu rẹ,0
eni ti a ko nika to gba oun to wa ninu e tele lo se,0
losun awon osise ijoba fariga won lawon o gba idaji owo osu mo,0
twitter di pápá ìròyìn ayédèrú lásìkò ìdìbò ọdúnun ní nàìjíríà,0
àwọn àgbà amòye ti là á yé wa pé ìdí gbogbo nkan tí ń ṣẹlẹ̀ ní ni àìníwà ìwà wa ló fà á,0
wo gau bi wan se ko alakoso forwardnigeria si yo yo etan iwe ibode visa ati £ ni wan fi yeye oddy,0
ebi npa olódodo àwọn aíṣòdodo,0
ó di lọ́jọ́ kan ọlọ́wọ̀ jáde láàfin gbólóhùn asọ̀ bẹ́ sílẹ̀ láàárín òronsẹn àti àwọn ìyáálée rẹ̀ wọ́n tutọ́ sókè wọ́n fojú gbà á,0
olè ńlá ni europe lápọpọ̀ ìkokòó ni ẹran ẹlẹ́ran ló ma ń jí gbé,0
eyi okin se oju lasan aare awon asofin ati aare,0
òótọ́ ni o kódà àwọn márùnún míràn tún ti kú lara àwọn tó farapa ó di mẹ́fà,0
nitori inawo isinku babaiyawo mi ni mo se ji aburo oga mi gbe williams,0
ìjàmbá ọkọ̀ tó fa àìlọgeere,0
ẹ̀rínkẹ́rìnín ni asínwín ń rín ìdìkudì ni wèrè ń di ẹrùu tirẹ̀ ìwọ làkáṣègbé máa rẹ́rìnínkẹ́rìnín ìwọ tàmẹ̀dù máa dìdìkudì ẹrù kiri ewì òkè yìí jẹ́ àpẹẹrẹ irú ewì alohùn wo a oríkì b èṣù pípè d ọfọ̀,0
òkú ń sunkún òkú akáṣọlérí ń sunkún ara wọn,0
nijeria ti ja iwe fun oludari egbe agbaolu super eagles ogbeni stephen keshi wan ni eyi ti ose ti to ge ki owa ma ko eru re lo ilu america,0
whala ti yin ni yen egbon awa o ni gba ki ta wa lopo nkan ti o ba ma gba la ma fun edake shobolashan,0
opuro ni goodluck jonathan ijoba morocco lo sobe,0
ó dàbí i pé nkankan ló ṣẹlẹ̀ láàrin àti ṣẹ̀bí ti nrányàn lọ tẹ́lẹ̀ ó ga o,0
pósí òkú àgàgú rèé lẹ́yìn ìṣẹ̀lẹ̀ẹ gbankogbì tó dá làásìgbo àárọ̀ sílẹ̀,0
ká mọ́ purọ́ ọ̀ràn an ká mí lára gógógó torí kò sí n ó ṣe,0
oru laa ṣìkà tí ènìyàn bàa ṣe losan kò ní fí ara rere lọ láéláé,0
ṣé ká ní wọn ò fẹ́ jẹ́ káwọn ọ̀dọ́ àádọ̀rún táwọn ọ̀bàyéjẹ́ pa lápa fọn ní kòpẹ́ yìí di àgbẹ̀ ńlá tá fún ilẹ̀ẹ wa lóúnjẹ lọ́la ni,0
olódùmarè agòtún tó dá ewéko àti ẹranko gbogbo mọ ìdí tí ó fi dá wọn bẹ́ẹ̀ èwo ni ti àfikún àyọkúrò àti àdàmọ̀dì àwọn oúnjẹ wọ̀nyí nítorí owó àwọn onímọ̀ ìjìnlẹ̀ ń fa àìsàn tí kì í sàn bọ̀rọ̀ sí wa lágọ̀ọ́ ara,0
emi ro wipe lati fi han eni ti a fi ipa balo po pe eniyan lagbara ju lo lasan ni ko si ere kankan nibe,0
beeni oawon tun ni esin o ko ikuipata buruku,0
aruwo lenu fendo wan pa iro mo mi no o oro boko haramu ti won ni mo so ko ribe rara figbe ta oni ki won ma bu okuta si iresi,0
kò mọ bi tí ìran rẹ̀ ti ṣẹ̀ àmọ́ aláìlójútì ìtanonítàn ló mọ̀ lẹ́kùnúnrẹ́rẹ́,0
se oro nigeria oni wa su un ati bayi bi eniyan kan ba yaso paaaaa ni nigeria ati oga ati bere si ni kigbe un us se wan fi ayi lojuti se wa ni,0
onirinkurin ko ki se egbe oniwe mewa,0
its just like a yoruba proverb ti ara ile eni ban je koko mo obi yunmu yunmu re ko ni je ki a sun loru,0
aworan alaafin ilu oyoô oba lamidi adeyemi ti wa di akoda fun aare jonathan ori ade fi oyo sile lati pade ebele,0
awon omo ile iwe oau yeye aare jonathan ooni ile ife ati gomina ayodele foyose,0
nígbàtí mo wà nílé ìwé girama àwọn ọmọ ìlasàmàjà fa lẹ́bẹ́ yọ látinú òfuurufú ó sì fi ṣá oníjà kejì létí,0
oníkálukú ti ń wò nígbà tí ariwo wa ò da nǹkan àwọn tí à ń pariwo fún ti bẹ́ sígboro a ò ṣáà ní ti àwọn èèyàn mọ́lé nínú ebi ‍️,0
àwọn ìyá tàbí bàbá tí ń ti ọmọ wọn sílé ọkọ torí owó lò nì ń bá wí,0
wọ́n ní iyán ogún ọdún a máa gbóná ìbínú ìjẹgàba ifẹ̀ lé modáẹ́kẹ́ lórí yìí kan náà ni sábààbí ogun,0
júdasi olè o pá jesu jẹ olè orin,0
ìpàdé òfò tí wọ́n ṣe ní fún wọn láṣẹ lórí ilẹ̀ adú láì sí adú kan nípàdé,0
bí ọkọ̀ kan ò re ejìnrìn ẹgbẹgbẹ̀rún rẹ̀ á lọ if one bus wont go to ejinrin a town thousands others will go,0
mo ebí wọ́n ní ikú kì í pa ọmọ ẹtà lójúran àmọ́ àwọn apẹrannpakúpa tí ó kún igbó lóde òní ti pa ẹtà tán nígbó nítorí,0
àwon okùnrin a gbé sòkòtò sí bèbèré ìdí wón ya wèrè ni àṣà ẹlẹ́wọ̀n tí a jí lọ́wọ́ èèbó nù n obìnrin gan an sáàgì,0
ni awujo awon ole ojelu ati awon ofetan sej,0
a fi ọwọ́ ara wa fa aṣọ iyì ara wa ya pẹ́rẹpẹ̀rẹ ìyẹn aṣọ èyí tó nípọn bí awọ erin a sì sọ ọ́ di fẹ́lẹ́fẹ́lẹ́,0
ninu telifisoni leti yaaa o eleyi ko bojumu to sewon ko fun yin laye lati wole ni,0
ah ìjọba mà nfi ẹ̀mí àwọn ọmọ orílẹ̀ náà wéwu o nítorí kòsí ètò ìtanná to péye ni olúkálukú fi ngbé epo rọ̀bì pamọ́ sílé,0
adajo ilé ẹjọ́ majisirati kò láti fojú hàn láti dajo lórí gbigba onídùúró wọn lọ́jọ́bo ọrẹ to sún mo lọ sọ̀rọ̀ ohun fún ìwé ìròyìn,0
ah ó ga o ó yàmí lẹ́nu ṣá báwo lèyàn ṣe ngbé ibàdàn kó má gbọ́ èdè ibàdàn,0
egbon ti da nkan sile ogbeni alakoweyoruba a fi ka βƺ won pe o̶̷̩̥̊͡ to ge i hope,0
a ní àwọn ọmọìta fẹ́ gbàjọba lọ́wọ́ ara wọn bí ìṣe wọn kiloshele wọ́n ti pa èèyàn méjì sí,0
nitoripe opo awon ti a ba lopo kii fee soro sita nitori itiju,0
egun ni fun omo ti oba tu ihoho iya re nita gbangba ode pa iya re lekun nitori alakori jonathanu,0
new edit ẹrú kan ló mú ni bú igba ẹrú one slave causes the abuse of two hundred oth,0
i forget passwords everytime‍️ kí ni mò ń rò báyìí ‍️,0
oníjogbo ní ń sìnlú ìlú kìí sin oníjogbo șaworoide nàìjíríà jogbo bí oró,0
puro n niyi ete ni muwa afi fila peerin ojo kan lo niyi mo proverbs,0
abayomi pa orebinrin re londo n nileejo ba ni ki won yegi fun un,0
àwọn àgbà ní í pòwe pé a kì í rí ewú lọ́sànán kíni ewú,0
larin ose merin ti de ori alefa oti ya owo ele nbillion gomina fayose ti dake aruwo ni ekiti,0
root meanings ki lo ri ló̩bẹ̀ too fi waro ọwó̩ not ki lo ri ló̩bẹ̀ too fi warú ọwó̩,0
ti ipá tipá la fi fẹ́ràn ṣàngó túlàsì ni ti lárúbáwá o gbọdọ̀ ṣe bẹ́ẹ̀ ni àì ṣe bẹ́ẹ̀ ńkọ́,0
mekunu lon pa mekunu ori gbogbo yin ti fokasibe ema bu ara yin lori awon omo o pa omo omo o pa omo omo o pa omo won jaiye ni melo melo eyin sufayo le gbe oro nigeria sori ti efi ake kori eti ku to,0
how dumb does it sound for a person calling for division and waryou and what weaponswán pa gbogbo yin dánu get aks get sophisticated weaponskoni kaluku farabale ko ronu,0
ojú ló ńkán ewúrẹ́ tó ńjẹ àlùbọ́sà ṣebí àlùbọ́sà náà ni wọ́n máa fi sè é the goat that is eating onions is simply,0
gej gba gbere fun boko haramu ni nijeria amo ro ojo bombu si egbe adaniloro isis ni ilu iraki ati siria,0
oro supereagles dabi eni to fi ogun odun pile were ojo wo lo too fee ja soja bee si ree akoko ko duro denikeni,0
ọ̀run nyabọ̀ ki ṣé ọ̀rọ̀ ẹnìkan ayé móoru heaven is collapsing is not a problem peculia,0
irú ìwà búburú wo ni ọ̀gọ̀rọ̀ ọ̀ṣọ́rọ́ ọmọdébìnrin òní kì í hù kíni ọmọkùnrin mu lọ́tí tí obìrin òde òní ò le è mu,0
end time goats awon ewure aye,0
ko jẹ́ peni lárungún ẹni tí ò yá ni lówó tí kò yá ni lásọ bó bá peni lárungún ijà ní ó dà,0
ẹ̀yin náà la bá ńbẹ̀ ẹ jẹ́ tètè padà sí ìlú yín kí ẹ fi èkó wa sílẹ̀ fún wa,0
ohun ti o n kan lominu die ni ti emenike ti awon kan ni ko nii le kopa ninu idije naa,0
ìran dánfó tó kọlu ayọ́kẹ́lẹ́ ní ~ ló fa súnkẹrẹfàkẹrẹ o òyìnbó rẹpẹtẹ á ti bọ́,0
àwọn òṣìṣẹ́ orílẹ̀ èdè nàìjíríà ò rọ́wọ́ họrí owó ń dá wọn lágara ṣe bó o ti mọ ẹlẹ̀wàa ṣàpọ́n layé gbà,0
látàrí gbólóhùn asọ̀ tó wà láàárín aláàfin awólẹ̀ àti àfọ̀njá ẹkùn aláàfin bẹ̀rẹ̀ sí í bú ramúramù ó fi èpè bọnú aláàfin fi èpè lé e fún àfọ̀njá,0
láàfin kẹ̀dẹ̀ré níṣe nìlùu gbẹ̀du yóò máa fọhùn pé ọba ti fayé sílẹ̀ lo dara pọ̀ mọ́n àwọn irúnmọlẹ̀,0
ẹ ti ẹ̀ gbọ́ ná ó jọ pé ọmọ àlè ni ogunlọ́gọ̀ dúdú tó wẹ̀ lódò ní nǹkan lọ́wọ́ tó ńbẹ lókè òkun tí ò yánwọ́ ọṣẹ àbí kí lẹ ní mo sọ,0
kí á tan iná pa agbọ́nrán ká fọ̀pá gbọọrọ pejò ká dìtùfù ká fi gbọ̀wẹ̀ lọ́wọ́ọ ṣàngó ní ìṣojúu mádiyàn lagaraá ṣe ńdáni,0
à ńwá a a ò rí i ọba wa là ń wá làwa ò rí o ọba rauf adéníyì àrẹ̀mú mátẹ̀mí olú ìkẹjà ó dojú àlá ó di gbére,0
nitori ohun ti a fe je ati ba ohun ti a fé jé jé bẹ́ẹ̀ ni àjẹ ìwẹ̀hìn tó ba ẹlẹ́dẹ̀ jẹ́,0
wọ́n fẹ́ pa moses wa o,0
ẹ máa wo aporo nílẹ̀ mo sì nílòo rẹ̀ gidi ganan àánú bọ̀bọ́ ẹ̀gbẹ́ àpò ṣe mí kò le è dìde ńlẹ̀,0
ni ọmọọba bá wí fún olùkọ́ àgbà ags wípé àbí ẹ fẹ́ ṣíwọ́ sókè lu ọba ni,0
ijoba ke ni ilu naija ni bo le ti fe ri ina loju popo nigbati awon eniyan o ni ina lati sun ni ile won,0
ìjọba ìpínlẹ̀ ọ̀sun kojú oro sí ìwakùsà lọ́nà àitọ́ ìjọba ìpínlẹ̀ ọ̀sun tí sọ ya nya pé ohun kò ní fojú ire wó àwọn tó ńwakùsà lọ́nà àibófin mu àti àwọn ti kò san owó orí tó yẹ,0
wọ́n ti da ọpọlọ wa rú dúdú ò dára ti wọ́n sọ ló fa arabíbó,0
idamewa kii se dandan pasitọ tunde bakare ijọ ti alufa ba n sanra ti awọn ọmọ ijo si n ru olorun ni yoo dajọ afeyin pẹran o e wo ekunrẹrẹ fidio yi nibi,0
ẹ rántí wípé àìrọ́mọbí ló sọ ìyá àwọn méjèèjì di agbérejó bẹ́ẹ̀ ló tún rí fún àwọn ọmọ,0
gej fi oye omowe dr ti o gba wole gbaa gbogbo ile to fi ito mo iri ti woo bayii afefe ti fe a ti ri fu,0
► èmi ò gbà ìwọ ò gbà,0
àná yìí náà ni mo tún ri kà pé ọ̀pọ̀ èdèe yíó di àwátì láìpẹ́ ►,0
lóde òní àwọn àsà yìí ti ń lọ díẹ̀ díẹ̀,0
fi dá lójú lànà pé òpó àwọn òṣìṣẹ́ lo dúró wámú wamu lati gba onídùúró ẹ jọ̀wọ́ ẹ báwa bèrè lọ́wọ́ ooo ṣe wọn tí dá silẹ lọgba ẹ̀wọ̀n àbí ó tún di ọjọ aje ni,0
ẹ ní kí wọ́n ó lọ ṣe ohun tí wọ́n bá fẹ́ ṣe ẹ ń dúró dè wọ́n họ́wù àgbà kì í ṣorò bí èwe è,0
iroju na kii se kekere afowo fa awon ara ilu eko ni eleyi nigba ti won ba ti gba naira bu,0
nileefe owo te dereba tanki petiroolu to n ji epo ta tolulope emmanuel,0
ti biafura ba fe lo eje ki won malo ko si eni ti oma juwe ile igbe fun agbepo omo karo ojire e je ki a so igba wa efi oro yanmiri sile,0
ọ̀rọ̀ ìgbésẹ̀ àwọn aṣòfin ìpínlẹ̀ ògùn láti da ifá ètò ìfọbajẹ nílànà ìbílẹ̀ ń kan mí lómi inú,0
omo sade fe ki so ijoba nijeria di oyeidile o fariga pe o pin ipo kan iya oloja,0
wọ́n ní ọwọ́ ara wa ni a fi fa ìfàkufà a ti tú ṣẹ́ ọlọ́run wò a ti da ètò tí a dá iléayé lórí lé rú nítorí àmọ̀jù,0
ile eko unilorin le awon akeko marun tefetefe fun orisirisi ese,0
yunfa ló gba àwọn ọ̀darànmọràn fúlàní lálejò lókè ọya àfọ̀njá ló pè wọ́n wá sí ilẹ̀ káàárọ̀oòjíire àmọ́ báwo ló ṣe ṣẹlẹ̀ ganan,0
nǹkankan ti oyìbó ṣe sí wa tí n ò fi gba ti wọn bẹ́ẹ̀ jùjù ni bí wọ́n ṣe fi ọgbọ́n àrékérekè gba tọwọ́ wa dànù,0
what happened to our aare ona kakanfo afonja in ilorin kwara state should i say all these our leaders dont care about us kini n je ko si aye osi ooooo,0
oríṣìiríṣìi là ń rí ọ̀ràn tí ó sún kẹ̀rẹ̀ di tí ó wá tún sún kẹ́rẹ́ di yìí kọjá wẹ́rẹwẹ̀rẹ àwọn kan wọ́dẹ́ ń híhòhò wọ́n ń ṣokó làǹtìlanti kiri àwọn mìíràn tún gbájá wá wọ́n ń pé kí wọ́n máa bára wọn sùn,0
frederick fasehun olùdásílẹ̀ ẹgbẹ́ opc jáde láyé iroyin sọ pe alagba faṣeun jade laye ni owurọ ọjọ abamẹta ni ileewosan nla fasiti ipinlẹ eko lasuth ni ikẹja,0
ẹ sé àwọn ọmọlọ́mọ pa mọ́ yààrá ẹ ṣá iná síi ẹ tún dúnbú ẹni fẹ́ẹ feré gé e ìgbà wo la ó ṣe irú ìwọ̀nyí dà,0
ọ̀rún ya lé òronsẹn lórí ìbínú gba ọkànan rẹ̀ po ó fi ìtara fi ààfin sílè,0
eba was so fun awon wipe ile epo ni mekunu un duro si lati igba tiedi aare ema kabunkun o,0
o mọ jaguar ilẹ̀ ń jẹ èèyàn àwọn eléyìí sán lórí nínú ẹ̀fẹ̀,0
ta ni ò sàì ní wí pé à‎​jẹ́ àná ló pomo jẹ,0
ọ̀ṣììrì meaning ► enemy àtiwájú àtẹ̀yìn ni ọ̀ṣììrì wà enemies are both in the front and in the back,0
mo sì ti pinnu láti pa á ṣùgbọ́n ẹ̀rù ń bà mí nítorí òfin ilẹ̀ẹ wá ǹjẹ́ ẹ lè ràn mí lọ́wọ́ láti pa ọkọọ̀ mi ọmọbìnrin náà bí ìyáa rẹ̀ léèrè ìyá bá dá a lóhùn wí pé bẹ́ẹ̀ ni ọmọọ̀ mi mo lè ṣe ìrànlọ́wọ́ eléyìí,0
àbùkù nlá gbáà lójẹ́ pé kòsí irúfẹ́ ẹ̀rọ iṣẹ́abẹ tí wọ́n nílò ní adúrú naija,0
ọsán tó já ló sọ ọrún di ọ̀pá the bowstring that got broken was what turned the bow into a mere baton a minor i,0
in yorùbá ìpáyà is tension fear ìpáyà wà lórílẹ̀èdèe wá there is tension in our country,0
eba takiti ki e forisole jega ati o gbe se ran yin ti e ba se radarada yin tan ni ss ati se lo nibo,0
bí a bá ra aṣọ ẹgbẹ̀fà tí a sì nà á han eèyàn ẹgbẹ̀fà aṣọ ọ̀hún ò níyì mọ́ wisdom familiarity breeds contempt often what is excessively exposed loses value repost from,0
bí o ò kò bá jẹ́ irú orúkọ báwọ̀ní tí a ti dárúkọ tẹ́lẹ̀ẹ nì ìyẹn nipé orúkọọ̀ rẹ kì í ṣe ire o,0
ẹni tó ńsáré tó ńwo ẹ̀hìn ó di dandan kó fẹsẹ̀ kọ whoever keeps looking back while running will certainly stumbl,0
omo alaso noni aso omo asegi ta noni igi asiwere ni grand father owun le bu igi je cc,0
alainitiju ni ọbasanjọ kayode lo sọ bẹẹ wo ẹkunrẹrẹ̀ fidio naa nibi,0
ibẹ̀ làwọn ọmọàlè kan tí ò jẹ́ mọ́n nǹkankan ti ń yí orúkọ wọn t sí ohun tí wọn kò mọ ìtumọ̀ọ rẹ̀,0
omuti ni aare jonathan nijiria tu mo aare lori afi bi boko haram se gbajoba ti wan un yan fanda fanda ni ile hausa aare gej rerin abosi,0
with all due respect sir ẹ gbẹ́nu sọ́hùn,0
àti olùkọ́ èdè farancé obìrin gíga abilékọ àgòrò àfi bí ẹni orúkọ ńrò àwọn náà burú ju kiní kan báyìí lọ,0
ohun to wa seni laanu ni wipe awon ti a gbemi le lati sooto ohun ti awon naa o je k,0
òrò lęiyę ń gbó o ceęiyę o déédé bà lóòlé eòrò lęiyę ń gbó oló dífá fún ilé pdp tó ñ wó lówó,0
olójú ò ṣâ lè la ojú rẹ̀ sílẹ̀ kí tàlùbọ̀ ó kó wọ̀ ọ́ ọmọ adú bẹ̀rẹ̀ sí í rí ète èèbó a bẹ̀rẹ̀ sí í kọ̀ ọ́ fún wọn,0
a bí wa nílé ẹran a sì ń hùwà àgùntàn ṣé nítorí olùbọ̀bọ̀tiribọ̀ yìí náà ṣá ṣíọ̀ kẹ̀lẹ̀bẹ̀,0
maa je gbogbo semo yin tan raurau maa deh fo awoigba yin mole kí ló dé nígbàtí o jẹun tán tí o wa ń wá bẹ́kùnbẹ́kùn,0
ìṣe + kú + ìṣe = ìṣekúṣe ọmọ + kí + ọmọ = ọmọkọ́mọ ìran ++ ìran = ìrandíran,0
àgbẹ̀ tó jẹun yó tó fọ́ akèrègbè ti gbàgbé pé ọjọ́ òǹgbẹ ṣì ńbọ̀ the farmer who ate and had his fill but who then,0
àwo náà fọ́ yányán ọ̀mùtí sùn ológun jà fitafita,0
tí wọ́n bá ní èèyàn lóògùn ìkà dé góńgó orúkọ wo ni wọ́n máa ń fi ṣe àfiwé a ògbùró b ẹ̀gbẹ̀jí d àrọ̀nì,0
ẹ gbàmí ẹja tútù ni àwọn wọ̀nyí ń kó jẹ bí ẹní jẹ̀bà o,0
opo awon eniyan ti won se bigimanu lode nise owo won ko se e ri,0
asofin ema binu o omowe ti ye ye yin o wan so wipe aja ni yin wan ni baja ba n gbo,0
tó jẹ́ pé nínú àwẹ̀ wọ́n tún lọ kọlu mọ́sálásí wọn kò mọ pé ọlọ́run tí wọ́n npè kò faramọ́ nka tí wọ́n nṣe ni,0
àwọn ẹ̀gbá ka ìtakété sókè ìkòròdú sí ohun àbùkù sí ẹ̀gbá ní ìbẹ̀rẹ̀ ọdún ẹ̀gbá rán ọmọ ogun ẹgbẹ̀fà sí ìkòròdú láti pa ìlú náà run àwọn ọmọ ogun ẹ̀gbá rọ̀gbà yí ìkòròdú ká nígbà tí ọ̀rọ̀ yìí dé etí ìgbọ́ ìjọba britain wéré ni wọ́n,0
ọ̀rọ́m̀pọ̀tọ́ àwọn ọmọ ogun ọ̀rọ́m̀pọ̀tọ́ lọ ká àwọn ọmọ ogun bàrìbà mọ́ ìlàyí ṣùgbọ́n omi ju ọkà lọ fún àwọn ọmọ ogun ọ̀yọ́ àwọn ológun ọ̀yọ́ ṣe akin lójú ogun gbọ̀nka mẹ́ta ni ó bá ogun lọ bí gbọ̀nka ìkíni ti bá ogun lọ aláàfin yan,0
ọ̀rọ̀ burúkú ńgboro ẹnu àbí ẹ ò gbọ́ ìyàwó ààrẹ ó ní kílódé táwọn obìnrin fi ń yíde nígbàtí àwọn obìnrin ò yíde,0
ìṣẹ̀ṣe ló bí ọ̀làjú àti àṣà ìgbàlódé ara ìṣẹ̀ṣẹ ni àṣà ìgbàlódé òní ti súyọ ọ̀làjú dàgbà tán ó fẹ́ lu baba àti yeye rẹ̀ pa,0
aare esikis sir ema binu o se wan se ogun magbele fun yin ni etun ti kori si ono equatorial guinea abi,0
ah ó mà ṣe o,0
káwí káfọ̀ ọ̀gá ṣójà ti gbọ́ nílé ó gbógun bọ̀ nílée táájù,0
losun awon osise ijoba farigawon lawon o gba idaji owo osu mo,0
ọ̀hun means poison in yorùbá ọ̀hun tó jẹ ló pa a the poison he ate killed him,0
yoruba mi ko fi be da mo yin ko ise via,0
shehu garba tí ó jẹ́ olùrànlọ́wọ́ pàtàkì fún ààrẹ buhari lórí gbígbé ìròyìn jáde bu ẹnu àtẹ́ lu ìwé àpilẹ̀kọ ọbásanjọ́ h,0
ẹ ti ẹ̀ gbọ́ nà tí nigeria bá fọ́n dagbè ká pínyà bí wọ́n ti ṣe ńsọ ṣébi ò ní nà wá ń pàsán nílẹ̀ yoòbá báyìí,0
ọ̀ràn ► matter trouble issue wúrà ló dá ọ̀ràn sílẹ̀ = wúrà is the cause of the matter is gold,0
oniregbe aladugbo ati olojukokoro,0
ojú pípọ́n ò ran sìgá,0
ó mà ṣe o jonathan ti jó gbẹ̀du rẹ̀ tán nijó kàn báyìí,0
ogoji eniyan ipinle taraba ni o fi ara pa ni bi ija elesi mesi,0
ẹni tí a kò bá lù ní ìpèbí kò le è jẹ ọba,0
wọ́n á ní kí ló pa á kò kú sí hun tún ń pa ni lẹ́hìn ikú sábàbí ló yàtọ̀ọ̀tọ̀ ẹni ire nikú ń mú lọ aṣebi ń kọ́,0
pasiparo ponbele awon afeniferere o tile bikita pe yoruba o ri,0
ẹ ti bẹ̀rẹ̀ lálẹ́ yìí does everything have to do with village people well àwọn ẹlòmíì ni wọ́n ń ṣe ara wọn lóòótọ́ btw data is unavoidable for people like me,0
ọ̀pọ̀lọpọ̀ àwọn oníṣòwò ìjẹ̀bú pẹ̀lú àwọn tí ń gbé ní apòmù ọba ìwó bá gba àwọn ọmọ ogun ifẹ̀ lámọ́ràn láti pawọ́ pọ̀ pẹ̀lú àwọn ọmọ ogun ìjẹ̀bú láti jẹ òwu run nítorí wípé àsìkò láti gbẹ̀san ti sún mọ́ ilé kò pẹ̀ẹ́ kò jìnnà ni ìjẹ̀bú bá pe,0
à ṣé àwọn tí wọn ń pé àlàmú lájá kò sọ àsọrégè rárá bí ó tí lẹ̀ jẹ́ pé àbísọ rẹ̀ ni nítorípé àbíkú ni àlàmú jẹ́ ọmọ kan tí gbogbo abà má ń bẹ̀rù láti kò lọ́nà ní ibikíbi tí kò báà wù kó jẹ́ nínú ìlú ka ìtàn yìí ni,0
ọpọlọ wa ti yòòrò bíi ọsẹ lómi,0
lake ► adágúnodò in yorùbá wọ́n ní adágúnodò chad tí ń gbẹ they say lake chad is drying up,0
ó ga o ìwà jìbìtì wa náà ló fà á o,0
tí wọ́n bá fi igbá òfìfo ráńṣẹ́ sí ọba ó túnmọ̀ sí wípé kí ọba náà gba ẹ̀mí ara rẹ̀ ìlú ò fẹ mọ́ lórí oyè wọn ò dẹ̀ fẹ́ ba ṣe mọ́,0
odidi ojo maarun gbako bayi ojo mi loju ọkùnrin méjí tí ó lo ìwé ìrìnà ẹniẹlẹ́ni ni afurasí,0
kàyéfì ajinigbe jí ajinigbe gbé,0
àbá tó bá jẹ́ òótọ́ ni pé ẹ̀sìn lẹ̀ ń jà fún kílódé tí ẹ fi ń pa mùsùlùmú aláìṣẹ̀ àti ọmọ́dé àti àgbà,0
àwọn nìkan kọ́ o ó ń kó báwa náà pẹ̀lú ó ń fa ìfàsẹ́hìn ìlú,0
olofo lon binu ologo,0
kò sí bí òròmọadìyẹ ṣe gbọ́n tó kò lè mọ àwòdì bí ìyá a rẹ̀ no matter how smart the chick is it cant know the w,0
agba to lomi ninu kan kii pariwo,0
èyí ló mú mi padà sí bí mo ti ṣe bẹ̀rẹ̀ ọ̀ràn yìí ogun láyé ilé ayé ogun ni àjòjì la jẹ́ láyé,0
ẹni tí ò bá nírú ẹni,0
ahọ́n àteyín ńjà bẹ́ni méjì bá fìjà pẹ́ta kí ọ̀kan tutọ́ sókè fojú gbàá kí ẹnìkejì léríléka ó ní bí a ṣe ń yanjúu rẹ̀,0
ilu ibadan lale hmmm o ga o,0
yankolu yankolu ko wa tan bi gbe ogbeni aye dee sanle ni se ni aye dee yoke ogbontarigi olofofo linda ti pada sori afefe o,0
bí o kò bá gbàgbé ìṣẹ̀lẹ̀ láabi àná yóò fàfarapa fún òníì rẹ bẹ́ẹ̀ yóò sì bá ọjọ́ ọ̀laà rẹ jẹ́,0
ẹnu àwọn okoromando èkó ti wá wowò báyìí wọ́n ń lérí wọ́n ń léka wọ́n ń sọ̀rọ̀ ọba akiolú,0
ah ó kù díẹ̀ kódà tí ẹ bá sọ òkúta ní òkukù tí ò bá jábọ́ sórí òrùlé kan nílù u wa díẹ̀ níó kù,0
insectkòkòrò english name wasp orúkọ rẹ̀ ní yorùbá kòkòrò agbọ́n it is the insect that plays the big role in the yorùbá proverb ẹni bá jálé agbọ́n dandan ni kí agbọ́n ó taá also the idiomàkànlò èdè ọ́ fi ọwọ́ jálé agbọ́n,0
òṣé = to hiss pa òṣé pòṣé = hiss | ọkùnrin náà ńpòṣé ṣàràṣàrà the man hissed repeatedly in an annoying manner,0
obo lowo yin eyin oniranu burukuibo lo ti so pe,0
nitori owoori awon opc fiya je akano omoose aregbesola tolulope,0
ṣùgbọ́n ẹni ba ju ni lọ lè ju ni nù ìyà ni àwọn òwu tún bá bọ̀ láti ibẹ̀ ogójì nínú olórí àwọn ọmọ ogun òwu ló fi ẹ̀mí wọn di àwọn ọmọ ogun òwu bá ya lu ìgbẹ́ àwọn ọmọ ogun ìjẹ̀bú àti ifẹ̀ bá pààgọ́ sí ìlàoòrùn òwu ní abẹ́ igi ogúngùn èyí tíí ṣe,0
ẹ̀dùn ọkàn sì ni kí ọba tó jẹ́ igbákejì òrìṣà bá pa ìṣèṣe tì àwọn ọba wa ti fi ojú egbò ìṣèṣe tó fi wọ́n sóyè gbolẹ̀,0
ó mà ṣe o àjànàkúu ti pa koríko orí papá ìṣerée,0
yi o ti to bi òsú méta bayí ti aré oriléde nigeria ti sa pamó ni ìlu oke ókún ti amó si uk agbó wípe ara aréé oríléde ko ya,0
ai fii agba fun eni kan koo jee kii aiye o gunun elegbe mo nii mo beru agba ooo,0
óro ti o nbaninu jè ni ifipa bani lo pò larin awon ómó ti o ti balaga ati awon okunrin òrò yi fé ayéwo gidigidi,0
o doni fonfon a sun fonfon awon ota mi won o ni ji fonfon leta n sun o doni fonfon a sun fonfon,0
ó ṣeni láàánú nígbàtí mo gbọ́ pé ọmọ ọ̀kan lára sọ̀rọ̀sọ̀rọ̀ tí n fẹ́ràn pàdánù ọmọ rẹ̀ olúwatọ́ba,0
wọ́n á ní ojú ti ajọ̀sán ta ni mọ ìdí tí wọ́n fi wí bẹ́ẹ̀,0
o lodi si òfin kpe ki ènìkéni so e di erú sùgbón bi ilé èjó ba kpàse fun e,0
beeni o bi a se n baa lo yii afaimo ki awon atohunrinwa ma gbalu mo wa lowo,0
osun ija nbo laarin oloye bisi akande ati asiwaju tinubu tolulope,0
bí ẹ̀rọ amúnáwá bá kú araà mi á balẹ̀ pẹ̀sẹ̀ ariwo dákẹ́ ó ga fún o |,0
sugbọn dijú kí o se bi ẹni kú na ki o ri oun ti awọn eniyan yio sọ nipa rẹ,0
ìwọ ganan ni ìṣòro ìlọsíwájú èdè àṣà àti ìṣe èdè yorùbá bẹ́ẹ̀ ni mo sọ ìwọ tí ò ń ka túwìtì mi yìí púpọ̀ ńbẹ̀ jẹ́ tìrẹ,0
yẹ̀yẹ́ àwọn aṣòfin ilé ìgbìmọ̀ aṣòfin ìpínlẹ̀ rivers ní èdè yorùbá,0
àfikún owóorí tí ó bẹ̀rẹ̀ ní láyé luggard tó fa sábàbí ogun àdùbí náà ló fa,0
alágbèrè yí ó sanwó ìtanràn fún ọkọ obìnrin tí ó kùrùbọ́ ìdí fún ó sí ní òǹkà àtòrì tí yóò jẹ,0
bó lé lógún ọdún táa ti fi adẹ́mun jọba kò ní yé ọrùn ọ̀pẹ ẹ́ wò even after years of being crowned a king the palmwine tapper wont cease gazing at the palm tree with nostalgia old habits die hard,0
bi eniyan ba n yoleda oun buruku ma nyo won se nifrederick faseun isubu re yi o daa,0
awe ma da awon eyan wa lohun jare wan o mo ju ko ma sin oyinbo je ki won saa ma ka sa ori si ri si,0
smẹ̀ẹ̀smẹ̀ẹ̀ pọ̀jù òjòre kí ó lọ rọ́kú nílé,0
theres a ghost worker slot kò ní dáa fún anybody that steals government money àwọn ọmọ játijàti aláìnírònú akótilétà,0
kí lẹ rò pé ó wá fa ìdíwọ́ wa àbí àwa kọ́ ni òmìrán afirika mọ́ ni,0
awon ebi anikulapo ti ko i we is ijoba wipe awon o ni gba ebun lai je pe won toro idariji fun as,0
tó kú yẹn níláti mọ nǹkankan ni wọ́n fi pa á,0
ọ̀nàfun olúwarẹ̀ ganan ti bẹ̀rẹ̀ sí í ṣe bákanbákan njẹ́ iná ò ti bọ́ sára aṣọ báyìí,0
kiise pe agö naa bi ko se pe ibëru fojo nii se wa tan feku tan fë fi ëmi rë elë,0
aṣìwí ò tó àṣìsọ tó dífá fún ìyá ọba kan níjọ́ kíní àná tó pe ara rẹ̀ ní ìyá ọ̀bọ,0
nígbà tí àwọn tó kàwé gboyè rẹpẹtẹ wà nílú ò ríṣẹ́ tó ní láárí ṣe,0
a ní ìjọba wa mọ̀ọ́mọ̀ má pèsè iná aláyòlé fún wa ni o,0
ikú omi ní í pa ọ̀mọ̀wẹ̀ nǹkan tá a mọ̀ ọ́ jẹ ní í pa wá ni ò jẹ́ kí ẹ̀mí wa ó gùn ní í gé ẹ̀mí wa kúrú bí wọ́n ṣe ń gé,0
ihoho la ka ra wa ni gba ti moimoi n shoge lol for yorubas only,0
ti ja si igboro o o ni opuro ni fani wipe olusoaguntan cd ebu ti wan fi ta labukun,0
àgbà tó diyọ̀ eèpẹ̀,0
èé ṣe táṣà ilẹ̀ẹ wa kò fi kẹ́sẹjárí tó fi jẹ́ wípé àṣà aláṣà la di òṣùká sí tí a wá gbé karí èé ṣe tí a kò gbohun tí ó jẹ́ ti wa gẹ́gẹ́ bí olúborí èé ṣe tí à ń rí nǹkan ìbílẹ̀ẹ wa bí ẹ̀gbin àti ohun tí kò bá ìlànà ọlọ́run mu èé ṣe tí a kọ̀yìn sí tia,0
ẹni tó ńbẹ̀rù àti ṣubú àti dìde á nira fún un whoever is scared of falling will find it tough to rise be bullis,0
ète wọn ni fún wa láti gbé gbàrọgùdù ti wọn lárugẹ dípò ojúlówó tiwa,0
tibi tire loluwa da le aye paa paa inu ikoko dudu ni eko fun fun ti jadeawon jegudu jera ati ojelu ni,0
daddy egbo wan ni e o ti san owo awon osise fun be osu merin be ede gba owo epo robi fun ondo se iwa omoluabi yin re,0
gbogbo èèyàn oníwà tútù kọ́ lonínúure it is not everyone with quiet disposition who is kindnatured appearance can be deceptive be perceptive,0
ẹ̀yin ọmọ nàìjá àti eré bọ́lù àfẹsẹ̀gbá yìí ṣááááá ó ga o,0
àsìkò tó láti padà sílé bó yá wọ́n lu ewé mọ́dẹṣìnà ni a ò le è sọ ọ̀nà dàrú mọ́ wọn lọ́jú wọ́n ò mọ̀nà ìgboro mọ́,0
ẹ sì ní mùsùlùmí ni àwọn aráa ibí yìí ààwẹ̀ sì wà ńta fa,0
bí ìbàdàn ti di ìgboro lẹ́yìn tí àwọn ológun tẹ̀dó sí tàán ojú aláìníìkanṣe ni àwọn ológun fi ń wo àwọn àgbẹ̀ ọ̀pọ̀lọpọ̀ ọ̀dọ́kùnrin ni wọ́n kọ́ ní ọ̀nà ogun jíjà iṣẹ́ àgbẹ̀ kò yẹ ọmọ tí a bí ire ẹrú àti àwọn tí wọ́n kó lójú ogun ló yẹ kó ma dáko,0
kí ni èèwọ̀,0
àmọ́ olè iná tó kú níjọ́sí ṣèbí olè eérú ló fi bojú àbí jàndùkú ọ̀gẹ̀dẹ̀ tó kú níjọ́oníìí jàndùkú ọmọ rẹ̀ kó fi rọ́pò ni,0
èjìlù àti málàkì wá bẹ ọmọlẹ́bí wọn olúgbani olorì àdó wó àmọ́ ìròyìn ọba ti wàjà ni wọ́n dé bá àna wọn ti dòrìṣà,0
àìdúpẹ́ oore àná a máa mú oore súni í ṣe lack of gratitude for yesterdays kindness makes future acts of kindness,0
sùgbón a tún le so wípé wèrè la fi ń wo wèrè,0
haha ẹ máa gbọ́ nkan ṣé ọmọ ọlọ́mọ là ń ránṣẹ́ dé tòrutòru,0
àwọn ọ̀rẹ́ẹ rẹ̀ ní ìfẹ́ ìwé ló pa á,0
àgbá òfìfo ló ńpariwo èyí tó lómi nínú kì í dún its empty vessels that are noisy those filled with water are not,0
bíi ti blaise compaoré olóṣèlúu burkinabé alpha condé ń forí lé ibi ìparun ǹjẹ́ yó leè gbóhùn inúbíbí àwọn aráa rẹ̀ bí ó di ọjọ́ iwájú kí á tó mọ̀ ní báyìí ṣá ọkọ̀ ojú omi ti ń ré concerned citizen,0
ẹni tó jí ò tíì yó ẹni tó sùn ní wọn ò jí òun jẹun the person awake is not satisfied yet the one asleep complain,0
ìpa nípa ẹran ni wọ́n ń fi akin èèyàn tó dojú ìjà kọ wọ́n ẹrú ni wọn yóò di aláìlágbára ṣe,0
kí ẹní mọ̀ wọ́n ó bá wa wí fún wọn kí wọ́n ó lọ sẹ́mpẹ́,0
àdó olóró náà ró gbàù omi ẹ̀rọ ń kán tó tó tó adéṣẹwà yasó pùú fún wa ní ìfìrósínròójẹ kan,0
ọ̀kan la jẹ́ tẹ́lẹ̀ rí tẹ̀gbọ́n tàbúrò ọmọ ìyá ọmọ bàbá kí ẹ̀sìn tó wá tú wa ká,0
fe dẹkùn ajebanu àti ṣíṣe ijoba makumaku ṣùgbọ́n ó ń ṣe ìpàdé idakonko pelu bàbá ìsàlẹ̀ jegudujera ibb oby nàìjíríà safarawe butiku mo gbádùn ẹ abewo yìí gan ni a pè ní obytiku,0
won je ayo na ti ni aja kini anfani ninu ki a binu si eni ti olorun gbega iparun ni eda to ba se iru eyi wa,0
ohun tí ẹ̀sín máa dá álẹ̀ apá ẹ̀sìn fún ra rẹ̀ ò ní ká a èmi ni ìwọ kọ́ lójoojúmọ́ ayé èyí ló dáa jù lọ tọ̀hún ò dára tó,0
awon obinrin egba yari o won lawon yoo rin ihooho loo bawon asofin labuja,0
abi kayefi gbaa nje eniyan a wa maa ru eru eleru ko fa tie lowo ni,0
omíyalé òrìṣà omiodò ya ilé | ►,0
ìṣòro àwọn ọkọ̀ olépo rọ̀bì lórílẹ̀ èdè nàìjíríà,0
hahahahaha ó parí toò kí oní ipad yáa gbé ipad ẹ̀ pamọ́,0
iléèṣẹ́ ọlọ́pàá fi àwòrán àwọn adigunjalè tó pitú ní ìlú ọ̀ffà láìpẹ́ yìí sita ękunręrę iroyin wa ni iléèṣẹ́ ọlọ́pàá,0
waa pe laye oju e koni ribi ikan loo maa fowo mun timeless wisdom,0
owun beleyon offa oju oje lo not owun baleyin effa ju eje lo,0
ibẹ̀ làwọn kan alàìmore ènìyàn ńtà ọmọ tí èlédùà fi tàwọn lọ́rẹ,0
ṣùgbọ́n tí wọ́n ma tún padà wáyé sí ọ̀dọ̀ òbí kan náà àwọn àbíkú ma ń mú oríṣi ẹ̀dùn ọkàn bá àwọn òbí wọn tí wọ́n sì ma ń gbé wọn ṣe ọ̀pọ̀lọpọ̀ ìdààmú láti ara ìdààmú kí wọ́n má bàá kú àwọn òbí òmíràn ma ń di ẹdun arinlẹ̀,0
ní iléẹjọ́ rán ọ̀gbẹ́ni ab akinloyè akọ̀wé ẹgbẹ́ alájẹṣẹ́kù àgbẹ̀ ìbàdàn lọ ẹ̀wọ̀n fún owó ẹgbẹ́ £ tó ṣe mọ́kumọ̀ku,0
ododo oro rt iná tí ó yẹ kí wọ́n ti bomi pa ní ìbẹ̀rẹ̀pẹ̀pẹ̀ tí wọ́n fi sílẹ̀ ló wá jó délé ọba báy,0
ija igboro ni ilu london omo aiye tolulope adeoye ti amo si abike jagaban ati omo ewe esther aboderin ti amo si esabod ko si ija igboro ni ilu london ilu oba opelope eje oba da bi omi ni ilu stratford,0
gómìnà ìpínlẹ̀ èkó ti pàṣẹ pé kí wọ́n ti gbogbo ọjà àti ìsọ̀ tí kò tá ohun tí kò ṣe pàtàkì fún ọjọ́ méje tí y,0
aguntan àṣìpa òwe nìyẹn,0
ṣíṣe owó wa ńṣekúṣe,0
kò síbi tí ìṣe ò sí mò ń wo ètò afẹ̀ríhàn tí ó dá fìrìgbagbòó lóríi àwọn ìgárá ọlọ́ṣà orí ẹṣin ní britain nínú ọgọ́rùnún ọdún kẹtàdínlógún th century ẹní bí olè kò bímọ àwọn àgbà ló wí bẹ́hẹ̀,0
ṣé dandan ni kàa máa pàrọ ijoba bí alaso méjì ni,0
a ma ń ṣe bí ẹni mọ ìyá ọ̀ṣọ́ ju ọ̀ṣọ́ lọ ♬ we act more catholic than the pope,0
sebi agbejoro ni wan pe ologbeni yi se ti oba de ile ejo aruwo processing ni oma ma pa fun adajo oro yin su mi o,0
kántankàntan ni ọ̀gbẹ́ni yìí sọ à ń wírú alákọrí ń wírù àwọn ọmọlọ́mọ tí ẹ pa ní ìfọnáfọnṣú kú gbé nìyẹn àbí láéláé,0
à ti gbé ìyàwó ò tóó pọ́n owó ọbẹ̀ ló ṣòro getting married is not an issue meeting the marriage responsibility i,0
ipinle kogi owo awon agbofinro ti ba enimerin tofi ipa ba omo odun mejidilogun lo dail,0
ẹ kú sànmánì yìí o ṣé nítorí owó lekki tí kò wọlé èbù ìkà tí ẹ gbìn ọmọ yín ọmọmọ yín ìrandíran yín á jẹ ńbẹ ó ńṣe ọmọ olókùú bẹ́ẹ̀ wọn ò ní sin ín pẹ̀lú òkú ẹ̀,0
ogun ìran fúlàní darandaran dáràndáràn ni ìkíni àwọn ará ibí yìí ti ń gungi kọjá ewé wọ́n ń mú ayé nira fún ìran yorùbá pàápàá nàìjíríà,0
bó lé lógún ọdún táa ti fi adẹ́mun jọba kò ní yé ọrùn ọ̀pẹ ẹ́ wò even after years of being crowned a king the,0
ija ti feju bayii o sanusi lamido fee koba jonathan patapata alaroye,0
wahala ni banki guarantee omo yahoo ji owo alaroye gbe si banki won ni nibe lawon onijibiti yahoo yahoo n gbowo pamo si o,0
ẹni ọ̀rẹ́ dà kó má ṣe bínú ẹni abínibí ńdani those betrayed by friends shouldnt be offended even siblings betr,0
aare ile america barack obama ti so wipe adanu nla gbaa ni ose ti superstorm sandy se ni ile america,0
ohùn ènìyàn lohùn ọlọ́hun èyí burú jáyì ènìyàn ò fẹ ọlọ́run ò fẹ,0
àdéhùn orí ahọ́n lásán ni bí àwọn ọmọ ogun bàrìbà àti núpé ti ń ki ọwọ́ ogun bọ ọ̀yọ́ lára lọ́tùún àti lósì láì dáwọ́ dúró ọ̀yọ́ kò ní ìsinmi fún ìgbà kan ọ̀rànmíyàn ọmọba ológun gbé olú ìlú kúrò ní oko oranmiyan padà sí ilé ifẹ̀ nígbà tí àkókò tó láti,0
ẹ gbé ìséde aago mẹ́wàá yìí tì sẹ́gbẹ̀ẹ́ kan ìṣòro afárá kẹta yìí kò jẹ́ kí á délé káago mẹ́wàá ó tó lù o àwọn ọlọ́pàá sì ti ń mú àwọn ènìyàn wọ́n ń dígàgá ọ̀nà irú kí leléyìí nílùú yìí nítorí ọlọ́run,0
egbe agbaboolu ile wa super eagles gbo ewuro si oju egbe agbaboolu ile ivory coast pelu amin ayo meji si,0
afago kẹyin aparo ohun oju nwa loju nri,0
eni ti wan ba fe sunje okin fi epo pa ara ogbon ayinike lati da oju ijoba ati ru o bu ewa rara je je,0
ó ní òún lè bọ igba abẹ́rẹ́ wọ́n fi ẹ̀tẹ́ sílẹ̀ wọ́n ń pa làpálàpá ṣíọ̀,0
eegun ayeraye niyen rt ti eyan ba fi tipa ba omo molebi tabi ara e lopo ki lo ma se,0
ọ̀rọ̀ bíi ó dọ́tí bíi ẹlẹ́dẹ̀ ò jìnà sẹ́nu wọn onídọ̀tí ni wọ́n ńlo ọ̀rọ̀ yìí fún torípé ọ̀bùn ẹranko ni ìmàdó ̀bá,0
ọyẹ́ ṣì ń fẹ́ lóǹdó kò dà bí èkó tí ooru fẹ́ pa wá,0
ọ̀rọ̀ òṣèlú orílèèdè nàìjíríà ti gbẹnu tán níbi tí gómìnà tí ń dún mọ̀huru mọ̀huru mọ́ ìjọba àpapọ̀ nínú ọ̀rọ̀ rẹ̀,0
fijilante yinbon pa adamu niluu kaiama ni ipinle kwara o ti dero ogba ewon alaroye,0
odale eniyan ni eni ti ngbero ibi ninu sugbon a maa se bi ore eni nita,0
àwọn ìjọ ọba wa yìí kò need ìre kankan rárá èpe ni ọ̀rọ̀ wọ́n gbà gbogbo yín ti gba orúkọ bí ejò ẹ máa fi orí kó o lọ́kọ̀ọ̀ọ̀kan èjèèjì,0
aworan aare jonathan ati aare ana ogagun obasanjo ni aso rock ogboju onijibiti femi otedola no wa ni ibi ile ijosin,0
emi kor ni mo koba e oo rora fimisile jeje language any translator cant stress mahself,0
ti awon ebi ba pe yin no ofen manu eyin no e pe wan no ajokuta ma momi ajegbe ma muto ema gba gbere fun awon alaimore,0
ìmàdó ì bá ṣe bí ẹlẹ́dẹ̀ a bàlújẹ́ bẹ́rú bá jọba ènìyàn ò ní kù kan,0
oro awon ara kano yii dabi oro aja ti a n tori e ja toni tani o n ja lehinkule ohun sebi ki aarun polio le kase n,0
a lá a gba òmìnira síbẹ̀ owó ilẹ̀ òkèèrè dollar ni a fi ń ṣe òwò a sì ní owóo ti wa bí àgbo jẹ̀dí bá hán dollar ni,0
ẹnìkan ní í bímọ àmọ́ gbogbo ayé ní í wò ó ni ti ọ̀rọ̀ igi iléayé lóde òní àwọn ènìyàn ti gé igi kọjá ààlà igbó ti rù kan eégún níbi tí wọ́n bá igi gígé dé ìka àbámọ̀ ti ń wọ ẹnu àwọn igi tí ó ń ṣe ti wa ni a kò fẹ́ ti wọ́n ìkà ni wá,0
ki aditi ba le gbo la se n soro leti omo re,0
ọlájú gba tọwọ́ dànù tán ó gba àlè pípa náà dànù a ò pa àlè mọ́,0
alágbára má mèrò baba ọ̀lẹ ni translation a powerful person who does not think is a weakling,0
ó dàbí pé ẹni já sí kòtò níjọ̀ọ́sí ò kọ́ aráyókù lọ́gbọ́n kankan àbí báwo ni àwọn èyàn ṣe tún jóná mọ́kọ̀ agbépo,0
àwọn iléìjọ́sìn àdáyébá pọ̀ ní àdúgbò yìí kílódé tí wọn ò kọ́lé báyìí mọ́ gbogbo ti ìgbàlódé ló tètè ń wó lulẹ̀,0
ìmú orù mú ahá ni yoòbá fi ṣeré tí wọ́n sọ di ìmórù máhá tí ń ṣe orúkọ gt ojú ìmàle ò kúrò lọ́tí ó sọ́mo rẹ̀ ní ìmórù máhá,0
bí ewé ṣe tóbi tó kọ́ ló ṣe wúlò tó how big a leaf is is not necessarily how useful it is appearance can be dec,0
àtàríìpọ̀nríorí head àdìsá ju òkò lu ẹyẹ látàrí àdìsá threw stone at the birds head,0
àwọn ọmọ lẹ́hìn òhun ti balẹ̀ ló bá bínú já ìbon gbà ló gbé fún ọlọ́pàá náà ni ìjà bá rú sókè ìjọba dìde pẹ̀lú ìjà padà sí àwọn àgbẹ̀ náà wọ́n mú àwọn nínú àwọn àgbẹ̀ náà tí wọ́n sì tì wọ́n mọ́lé gbogbo ìhalẹ̀ ìjọba ò tú irun lára àwọn àgbẹ̀ náà,0
ibi ijóo ni a óò ti tú àṣìírí ìwà ìbájẹ́ gbogbo nílùú,0
àwọn alákọra àtọ̀hùnrìnwá onímúṣoṣoro yìí ti kó ọ̀pọ̀ ọmọ yorùbá lẹ́rú fúlàní ló ta àjàyí ìyá àti àbúròo rẹ̀ méjèèjì sóko ẹrú ní bí nǹkan,0
ilé tí a fitọ́ mọ ìrì ni yóò wó o báwo ni ilé tí a fi itọ́ ẹnu mọ ṣe fẹ́ dúró sánsán bí ìrí bá ṣẹ̀ ó di gbàgà,0
nígbà yẹn wá ń kọ,0
ọ̀pọ̀ olóṣèlú ńsùn lé e ó yẹ kí wọ́n máa lo alátagbà tàkòrọ̀sọ pẹ̀lú arálùú àmọ́ púpọ̀ ò ṣe bẹ́ẹ̀,0
a kúnlẹ̀ la yan ìpín a délé ayé tán ojú ń kán gbogbo wa,0
ṣáájú àsìkò yìí ni tí máa ń sọ so pé ọmọ òrukan ni òun sugbon o tún sọ pé wọn tí baba oun tó ti ku mọ́le nítorí pé kíi bere òun ni ile iwé a ó tilẹ̀ mo ohun tí a ó gbagbọ nínú àwọn ọ̀rọ̀ yii,0
tenanti fun baba ijebu ni ayederu sowedowo ni won ba wo o lo sile ejo,0
nfiwá ṣẹlẹ́yà ìjọba wa nwòran afi ki oluwa ba wa ko oju ija si won,0
ìwọ̀fà lẹnu ohun tó bá wu ẹlẹ́nu ló lè fẹnu ẹ̀ sọ the mouth is like a slave the owner says whatever he wants with,0
lẹ́yìn náà ló kan ọ̀gbẹ́ni bọ́lájí ògúnsẹ̀yẹ ti wọ́n nípé ọ̀rọ̀ ìnákúnà nínú ìjọba làwọn yóò kọ́kọ́ yọ dànù bíi jìgá,0
ni ipinle kogi olopa pa adi gun jale meji owo si tu te meji miran,0
òwe wa tòní odò tí a bá fi ojú rénà a máa gbéni lọ our proverb for today the river that you take for granted can actually drown you,0
ẹ mọ́ dámi lóhùn o jèe ẹnìkan ló ń ṣe bí ọ̀rẹ́ mi kan ó ti wà lágọ̀ọ́ ọlọ́pàá báyìí,0
àgùntàn ò ní sùn láàárín ajá kó má fi ara kó eégbọn a sheep cannot lie in the midst of dogs and not get d,0
bee ni o won fe ka dabi atoroje ni awon agba lowo meeri onijekuje,0
èèyàn ò sunwọ̀n ní ààyè ọjọ́ a bá kú là á di ère èèyàn kò rí ibi sùn ajá ń hanrun,0
ti daku o sangba fo osokomole ebora ton je buredi o le je tear gas lori oro,0
kúrò lọ́yọ̀ọ́ tí wọ́n sá àsálà fún ẹ̀mí wọn ìró ìṣẹ̀lẹ̀ ní ọ̀yọ́ ilé ti kan àwọn ìlú ọ̀yọ́ tókù lára kíá ni àwọn náà bẹ̀rẹ̀ sí ní yanjú àwọn mùsùlùmí tó wà nínú ìlú wọn yálà àjòjì mùsùlùmí ni o tàbí ọmọ ìlú tó yí padà sí ẹ̀sìn mùsùlùmí wọn kò,0
wọ́n rán ọ̀bọ sí ibùgbé àwọn sójà náà bí àwọn sójà ti ń pa ọ̀bọ ọmọ wọn ma kú ní ilé àárẹ̀ àti ikú àràmàǹdà ní wọ́n fi ta àwọn sójà àti ẹbí wọn lọ́rẹ ní yanturu ní àkókò náà wọ́n padà gbé àwọn sójà tí wọ́n kópa nínú ìjà náà kúrò nílùú,0
èmi ò rò pé ìsinmi ìjọba àpapọ̀ àyájọ́ yóò ṣẹlẹ̀ láì pẹ́ yìí n ò rò bẹ́ẹ̀ nítorí bí ẹ bá wo ìlàpàèrò tó kẹ́yìn ní ọjọ́ iwájú in future ni ààrẹ kọ sílẹ̀ wípé yóò tó wáyé àbí mi ò ríran dáadáa ni,0
e ma so bee o aa di alakoba gidi fun yin bee na lemi se n kilo fun yinwaa ri to ba ya ejo lowo nin,0
bbc news yorùbá zainab habib arábìnrin wà ní àhámọ́ ní saudi lórí ẹsùn tí kò mọ,0
orí ọ̀kẹ́rẹ́ koko láwo,0
ọjọ́ wo la ó wa ṣeyí dà,0
ni ilu osogbobi oluko o ba ti salaye lede yoobabi eni domi sapere niboya ki o sese nisisiyi o,0
mùmú ni wọ́n ń pè wá,0
ogbeni shekau yen ki she omoluabi rara eniyan ni ki she ebora amon eesu ti gba okan re patapata,0
ọkùnrin tó ó jí ní kùtùkùtù ọjọ aiyé rẹ̀ tí ó gbé ọran obìnrin lé ibi pàtàkì ōkan àiya rẹ̀ kò ní di pàtàkì láíláí obìn,0
irú pálapàla wo lèyí ó ka ohun tí mo kọ lédè yorùbá o wá ń fèsì ní gẹ̀ẹ́sì kí lo sọ ohun tí o kọ ò yé mi,0
àwa tí a ò leè sùn bí àyíká ò bá pa lọ́lọ́ ni wọ́n ń fìyà jẹ gbogbo fèrèsé alásùnúnsí slide ló wà ní títì síbẹ̀ ìró orin àti àtẹ́wọ́ ń wọlé ó mà wá ga o àbí kí ni eléyìí ní nàìjíríà yìí,0
ikan ni inu awon akorin ni psquares paul okoye ti ja iya omo re keji sile ni ile iwosan,0
kó gi bo ẹgba mẹ́rin ni wọ́n fún,0
níbo wá ni àwọn tó lo ayé lánàá lọ lẹ́hìn tí ikú lù wọ́n ní kùmọ̀ ṣe pé ọ̀run kọ́ lọ́ lọ ọ̀run àpáàdì ni,0
egbe agbaboolu arsenal tun fidi remi nirole yii o ga o,0
o fi enu ba adebola je,0
torí ọmọ nìkan kọ́ la ṣe ń gbóbìnrin sílé torí ìfọ̀kànbalẹ̀ torí àlàáfíà torí àrídájú ọjọ́ iwájú tó ṣe é fi yangàn ni,1
eku ayeye ojo ibi eni igba odun odun kan ni hbd egbon,1
ise ni ogun ise tepa mo ise oore mi ekaaro gbogbo omo yoruba ni tile toko,1
happy th birthday in advance to the original son of the land ọmọ ògún ò rọkin àgbẹ̀dẹ òrọ bàbà ọmọ kúlódò,1
òòṣà tí n gbọ̀lẹ ò sí iṣẹ́ ọwọ́ ẹni ni n gbé ẹnií ga english translation there is no god to save the lazy it is one,1
be ni o baba opelope awon obi wa,1
piri lo olongo ji ojumo ire lo mo wa loni rt a kìí bá olókùnrùn ẹyẹ kankan lórí ìtẹ́ ẹ ṣara gírí ẹ dìde,1
adúpẹ́ iná àti omi wá nkọ́ o,1
alẹ́ alẹ́ òkùnkùn birimùbirimù alẹ́ ìràwọ̀ ojú sánmà alẹ́ òṣùpá tó mọ́ roro alẹ́ ọmọ ìyá òru alẹ́ náà ni àṣálẹ́ alẹ́ náà là ń pè ní ajálẹ́ alẹ́ dákun san mí jòórọ̀ lọ,1
tiwa n tiwa bẹ́ẹ̀ tẹni n tẹni ẹ jẹ́ ká mú u níbi tí bàbá adébáyọ̀ fálétí gbé ti dúró ká mú àṣà ìṣe àti èdè wa ní gbòógì ó dọwọ́ọ wa o,1
ta ló more ọlọ́run èmi more ọlọ́run mo dúpẹ́ ẹni dúpẹ́ ore nkọ́,1
àṣìírí òbò máa ń bò ni àṣìíríi mi á túbọ̀ máa bò sí i lágbára elédùmarè okó kì í ṣaláyí máà rí nǹkan kó oríì mi gbè mí jẹ́ kí n máa ríre kó,1
láyé ayélujára òde ònìí a lè ṣe ìwádìí tó kún rẹ́rẹ́ lára ìbò orí ẹ̀rọ alátagbà,1
ese rere ko ba le ye gbogbo wa,1
loni ojo ogbon osu kini odun atunji sayo eba mi patewo fun kabiesi oba mi edumare aà jí bí gbogbo,1
sora fun ifa o ma n fani lapo ya ni ohun ti a ko jiya fun kii pe lowo rara gbogbo ohun to n dan ko ni wura,1
iya mi ba wo ni omo mi ba wo ni gbogbo nkan ba wo ni irin ajo e kabo emi i thank god iya mi,1
omo ni ki o sin mi oooo nitoripe mo ti sin obi mi,1
ódàbí eti bu omi ìfé arewà yìí mu ojúù mi jẹ adùnun adú ọmọ tó rẹwà bíi ọ̀kín lálẹ́ yìí mo ti yó wàláhì ọmọ n,1
kosi ohun ti a mu waye ko si ohun ti a ma mu lo si orun ile aye ofutu fete nitori na e je karanti iku tápá ò le dìde,1
amin o ki kabiyesi ma lo ni iwaju wa ko ma tele wa ati ko ma tele wa leyin lati ma showa ninu odun,1
olulana awimayehun onibuore afunni ma siregun atogbojule jagunjagun ode orun eru jeje leti okun pupa eleda atererekariaye,1
ah èmi náà toò ẹṣeun o haha àpọ́nlé nlá gidi lẹ gbé fún mi yìí o a ó máa rírawa bá o,1
oṣù kẹta ọdún yìí ire ló mú wá fún wa oooo,1
ọmọ ìyá mi ọmọ kílóńṣẹlẹ̀ ń kọ́ níbẹ̀ bá mi kii o,1
iléésẹ́ radio nigeria sèlérí ìdàgbàsókè bá àwùjọ,1
ǹjẹ́ ìbà akọ́dá ìbà aṣẹ̀dá gbogbo ọmọ awo ni kí ó máa júbà a wọn ǹjẹ́ ìbà ni ti oníbà ọmọ awo tí kò bá júbà akọ́dá ifá a rẹ kò ní í ṣẹ ìbà ni ti oníbà awo tí kò bá júbà aṣẹ̀dá ẹbọ rẹ kò ní í dà ìbà ni ti oníbà,1
ajé olùpèsè ọrọ̀ kú ojúmọ́ o ajé ìwọ làjíkí ìwọ làjíkẹ̀ ìwọ làjípè ìwọ ni mo mú ṣokùn ajé ìwọ ni mo mú ṣedẹ ìwọ ní í fi ẹni iwájú sílẹ̀ ṣe tẹ̀yìn lóore ajé ṣe mí lóore ọlá ọlà àti arísìkí ọrọ̀ sọ mí dajífọwọ́bajé,1
rt oni je ojo eti rere nitori nipa iku olugba wa jesu christi awa wa laye nipa iku re awa jogu,1
orúko mi ni tolulope ọmọ ogunleti ọmọ bíbí ìlú lanlate ni ìpínlè ọ̀yọ́ojúlówó ọmọ yorùbá ni mo jemo nifẹ si dodo lọpọlọpọ,1
eku ife sugbon ni ile yoruba omo eni okin buru titi ka fi fun ekun pa je ọlọrun aláàbò wa ẹni tí ń gbé abẹ́ ààbò ọ̀gá ògotí ó wà lábẹ́ òjì eba wa da ààbò bo,1
a si tun ki ku ayeye ojo ibi ionii e o se opo odun laye o e ku oriire o eku ayo ojo ibi,1
kaka ki nbi egba obun maa kuku bi okansoso oga maa fi yan araye loju ma rohun fi gberaga our philosophy on,1
yàtọ̀ sómi ìsun kò sómi mímu tó ń mú ọkàn ẹni balẹ̀ bí i omi ti òjò ni mo ṣe fẹ́ràn gbígbemi òjò tí ò bọ́ sórí òrùlé,1
kójọ́dá a kú ọdún tuntun o,1
àfàìlà ọlọ́jọ́ bọjọ́ bá là mà á rí ṣe àfàìlà ọlọ́jọ́ bọjọ́ bá là mà á lówó àfàìlà ọlọ́jọ́,1
abi na ki olohun lora emi kowa a wa rt owoseni ó ń bọ̀ kò sí oun tí a lè ṣe,1
ẹ ṣé màámi ẹ̀bẹ̀ ni mo bẹ̀ elédùà dákun lọ́ra ẹ̀mí ìyá mi kí wón ba jẹun ọmọ pẹ́,1
queen salawa abeni for the night sebi lọfe lọfe ni baba fun wa sebi lọfe lọfe ni baba fun wa o iṣẹ́ olúwa àwòyanu ni ọlọ́run o gbowó o ko de gbobì o kò gba nkankan kó tó fún wa látẹ́gùn o sebi lọfe lọfe ni baba fun wa o,1
ayọ̀ ni mo fẹ o baba ọlọrun ayọ̀ mu ayọ̀ mi kún o,1
o damiloju wipe oro aje orile ede waeto oselu eko ati ilera pelu ise agbe n pada bo wa daa adura mi ree oero okan mi,1
eni tii o see oju koo dabii eni tii o see eyin ede dun,1
todays yoruba motivation ma gberu eleru sori ko o wa fa tire lowotake charge of your own life abo oro ayaworan mi,1
ọrọ̀ ajé ifẹ̀ ní àtijọ́ ilé ifẹ̀ dúró gẹ́gẹ́ bíi ìlú tí iṣẹ́ ọ̀gbín ti gbayì tó gbẹ̀yẹ ní àsìkò ọdún lọ sókè ifẹ̀ ṣe ọ̀gbìn igi ẹyìn ní jaburata orógbó gbígbìn ò gbẹ́yìn bí ó ti ṣe pàtàkì sí ọrọ̀ ajé wọn àwọn ohun ọ̀gbìn mú ìdàgbàsókè bá àwọn,1
ọlọ́run nìkan ní íyọni nínú ewu ojú ọ̀nà jàmbá ojú ọ̀nà á jìnà sí gbogbowa o,1
omo atata bayi la se ni ile wa ewo bomi ni asha ati isewa ka ma seje ko parun where ever we see ourselves dont let us forget our and our,1
ó dùn mí pé n ò sí lẹ́gbá fún ọdún tó ńbọ̀ yó ṣojú ẹ̀míi wa láṣẹ ẹlẹ́mí,1
báa gún iyán nínú ewé táa se ọbẹ̀ nínú èpo ẹpà ẹni máa yó á yó even if we pound yam in a leaf and prepare the soup in a groundnut pod those who would be full would be no impossibility keep hope alive,1
géébú ni onípò kìnínní ẹ gba mẹ́rin ẹ káré mo gbédìí fúnun yín,1
àti kí a tún ìwà wa ṣe,1
olùrànlọ́wọ́ lẹjẹ́ ẹ ṣèrànwọ́ ọ̀hún bó ṣe tọ́ àti bó ṣe yẹ ó dọwọ́ọ yín o ẹ̀yin obìnrin wa ẹ rántí wípé adú ni yín èèbó kọ́,1
alaafia ni mo wa oo o seun gidigan pelu alaye tio se ni ekun rere,1
ẹ káárọ̀ ẹ kú u bí ojú ọjọ́ ṣe rí gbogbo ilé ńkọ́ ‍️ ọ̀sẹ̀ yí á sàn wá o good morning hope your day is running smoothly hows the family ‍️ may this week benefit us all,1
♫♪ ọdún yìí á sàn wá síre á sàn wá sáyọ̀ á sàn wá sí gbogbo nǹkan tí èèyàn fi ń láyọ̀ ♪,1
oun ire la ó máa bára ṣe a ò ní ṣedàkejì,1
àṣẹ o àṣẹ n toyin ire gbogbo di ti wa,1
kádàrá ò ṣé é yẹ̀ àyànmọ́ kò gbóògùn àkúnlẹ̀yàn làdáyébá àdáyébá làdáyéṣe orí mi á yàn àyànmọ́ ire kádàrá mi ò ní burú àmín àṣẹ,1
amen edumare be e lo ma ri fun wa,1
ìṣẹ́ ò gbóògùn iṣẹ́ lóògùn ìṣẹ́ ìṣẹ́ kì í yẹ èèyàn iṣẹ́ ní í yẹ ni a ò le è múṣẹ́ jẹ kí á mú iṣẹ́ jẹ ó ṣèèwọ̀ ìsinmi tán iṣẹ́ yá,1
ojú ò ti okó lokó fi nà tàntàn tó dúró gbandikan ojú ò tòṣùpá kò tòòrùn ni ọ̀run fi mọ́lẹ̀ kedere ojú kì á tì wá,1
ojúmọ́ ire o ayọ̀ àti ìfọ̀kànbalẹ̀ ni fún gbogbo wa lọ́jọ́ òníojúmọ́ re ni o,1
ọ̀la ló kù ifá ònìí fọ re ire la ó máa gbọ́ bó ṣe ma jẹ́ níyẹn,1
gemini has done it again o káre láé ọmọ ọlá orí mi wú,1
eso pele lo ye ka se aiye gba jeje baba obey commander e si ku dede iwo yi oto ojo meta,1
ẹṣeun jàre ojúlówó ọmọ oòduà,1
ohun lo pase fun ojo to fin yo edumare pa ase aseyori fun mi loni o lílà oòrùn lójúmọ́ àṣẹ olódùmarè ni,1
ọba tó jẹ tí ìlú tòrò,1
àṣìṣe ò kan ọgbọ́n it is never too late,1
ojúmọ́ ire ni o èní tí í ṣe ọjọ́ ẹtì gbogbo ilẹ̀kùn ayọ̀ àti ìdùnnú tọ́tá ṣe bí àwọn tì di sísí láṣẹ bàbá lókè,1
àbá má fi àkókò ṣòfò ọjọ́ ńlọ eré ni ọwọ́ agoo ń sá kú kò síṣẹ́ míì tí í ṣe ju kò máa kà lọ má fi gbà ṣiré ọ̀rẹ́,1
mímì lẹpọ̀n àgbò ńmì kò lè já the rams testicles are merely dangling they cannot fall off keep hope alive it,1
ewu ọ̀nà di dídé lókùn bí ẹran akẹ baba lókè pa àlọ àti àbọ̀ọ wa mọ́ jẹ́ a délé báre lálẹ́,1
tiwaaa o ni baaaje oooo,1
ire ni n ó kò ó,1
ooré níwọ̀n àánú lérè,1
irun russian cambodian brazilian peruvian indian moroccan mongolian àti bẹ́ẹ̀bẹ́ẹ̀ lọ lo yàn láàyò pàtẹ́wọ́ fún raà rẹ,1
♪ kèrègbè tó fọ́ dẹ̀hìn lẹ́yìn odò orí burúkú dẹ̀hìn lẹ́yì mi kèrègbè tó fọ́ dẹ̀hìn lẹ́yìn odò ♪,1
mo fẹ́ràn like láti ma jẹ ẹ̀fọ́ ẹlẹ́gùúsí pẹ̀lú ẹ̀bà tó múrọ̀ọ́ lọ́wọ́ mo nífẹ̀ẹ́ love ọmọbìnrin tó rẹwà kan tí mo pàd,1
we will not be silenced it is not a crime to be successful in our s mi ò tíì lọ́kọ ẹ má pa future husband mi fún mi ẹ má pa mí fún future husband mi,1
aku odun aku iyedun odun aya abo fun gbogbo wa ooo,1
àwọn ọmọ sisíi wa á máa máa jáde káàkiri ogun gbé pátá gbé pátá ọlọ́run ṣárọ́nì máà jẹ́ kí wọ́n gbé pátá àwọn ọmọ wa ṣoògùn,1
mọ wà ní pẹ̀lú ọ̀rẹ́ẹ̀ mi àtàtà ìyálórìṣà níbi ọdún,1
tèmi dọwọ́ rẹ olùgbàlà bámi ṣe tèmi olúwa,1
ajé ò ajé ṣálúgà máa bọ̀ lọ́ọ̀dẹ̀ mi kí o wá máa bá mi gbé lọ́dún yìí,1
èyin ojúlówó omo yorùbá o ę kú isé o ìdáhún sí ìbéèrè wa rè o,1
àmọ ìmọ́tótó ló lè sẹgun àìsàn gbogbo kí a rí i pé kò sí ìdọ̀ti omi adágún lágbègbè wá,1
its alright pẹ̀lẹ́ as the says tí ẹṣin bá dání a má tún gùn,1
egbé agbáboolu chelsea fa ako yo nígbatí wón bá egbé agbáboolu ajax gba omì ayò merinmerin lati òmì ayò merin si òkan ninu idije champions league tón lo lówó,1
eerin wo ajanaku sun bi oke opalaba albert chinua achebe ise ribiribi ti o gbese ko nii pare lailai sun re o,1
ìwà lòrìṣà ẹ̀dá jẹ́ n níwà re bí n níwà ire ẹ̀dá jẹ́ n lórí re bí mo lórí re ẹ̀dá jẹ́ n níwà ire ìwà lòrìṣà,1
èdè yorùbá dùn gbongbon kan sii ènìyàn àtàtà ni eya yorùbá jé wọn máa ń kó ènìyàn mọ́ra wọn sì nifẹ sí ibagbepo àlàláfíà ìwà ifomoniyanse ẹ̀yà yorùbá yìí kii wá ṣe a ń fọ́wọ́ yẹpẹrẹ mú,1
àbá mímuṣẹ ìlérí gbogbo tí ẹ lé kí ẹ mú ìlérí yín ṣẹ kí ẹ mú u sà bí òògùn kí tọmọdé tàgbà ba yọ́nú sí i yín,1
tí a kò bá tẹ̀ igi ní tútù kò ní ṣe é tẹ̀ ní gbígbẹ lọ́rọ́ kan má fi àkókò ṣèranù ọ̀la lè pẹ́ jù fún o,1
a ṣílé ni a ra ọkọ̀ ni a bímọ ni ìwúre náà la yóò ṣe a óò fi ẹnu wa yìí wí rere sórí i wa kí ire dé àti bíre bá dé,1
ìbà ọlọ́run olódùmarè ọba awímáyẹhùn ọpẹ́ yẹ ọ o olúwa,1
oluwa oshe to jen ri ojo eni module lowo re olorun make she iyanu ninu aye like,1
kí ọlọ́run wà pẹ̀lú gbogbo àwọn tó farapa ní lónìí àwọn tó pàdánù ẹ̀mí oluwa ṣàánú wọn sì dúró ti ẹbí ará àti ọ̀rẹ́ wọn gbogbo,1
e ma binu si mi igbagbe lo se mi,1
our very own mapo hallgod bless e kaaro o ekaaro loluyole ibadanilu ogunmola,1
ẹ dákun ẹni tó bá mutí kó má wakọ̀ o ẹni tó ń wakọ̀ kí ẹnítọ̀hún má mutí,1
good evening we welcome to the house tonight and we are glad to have you here please before we proceed let the audience know you ẹ kúu alẹ́ a kíi yín káàbọ̀ sórí ètò wa ni àṣálẹ́ yìí inú wa dùn láti ní yín ẹ jẹ́ kí àwọn ará ilé mọ̀ yín,1
ọlọ́run gba àkóso ní o,1
it means ìyàwó á bí akọ àbíró àti abo àbíyè,1
oju ti ko kanni lowuro koni bani daleadia fun orunmila ti yio so ori akapo re dorirereori wa di ori rere lowu,1
ẹ mà kú ọjọ́ mẹ́ta o,1
okay sir ẹ ṣeun ẹ̀ ẹ́ pẹ́ fún wa,1
ní òórọ̀ ọjọ́ ajé yìí tí í ṣe ọjọ́ kẹwàá oṣù agẹmọ ajé á wá wa wá gẹ́gẹ́ bí ẹẹ́wàá tí kì í wá nǹkan tì a ò ní wá nǹkan tì,1
ṣé pé ọdún kan ti ya sáré pé nìyẹn ẹ kú ọdún tuntun o àṣèyíṣèmíì ayọ̀ ìlera àlááfíà á jẹ́ ti yín títí láí,1
àwọn tó ń mú igbega bá àṣà àti ìṣe yoruba lọ́nà iwuri tunde kelani tí gbogbo ènìyàn mọ sí tk je osere tíátà ó máa ń ṣe fíìmù àgbéléwò ó jé olusotan ayàwòrán fíìmù àti olootu ere,1
ẹkáàárọ̀ o njẹ́ mo ti da omi síwájú óyá kí máa wá tẹlẹ̀ tútù ire níwájú ire lẹ́yìn lágbára ọlọ́run ọba,1
ìwòrìwò làgbàdo ńwọlẹ̀ igba aṣọ ní í mú jáde | ire kànkà ire rìbìtì ire ẹ̀rìmọ̀ ire fẹ̀nfẹ̀ n tiwa lọ́dún yìí,1
ó dàárọ̀ o ẹ bá mi kí ìya ṣàlí o ẹ pé à ń rọ́wọ́ ọ rẹ̀ o,1
o yę ki a gbe aşa wa larugę ę ba ile ikawe ni ko orin pelu ębi fun ayęyę awa aláwò dúdú bhm,1
♫♪ ó di pẹ̀kí ó di pẹ̀kí ire gbogbo pàdé mi lọ́nà ó di pẹ̀kí ire owó pàdé mi lọ́nà ó di pẹ̀kí ♪,1
àmín àṣẹ èdùmàrè yóò máa dùn ni ó kò ní kàn,1
aku ayeye oni mo ko orinamu oye yi je iwona iwo kaka iwo na oye amo ori rt,1
ẹ kú ojúmọ́ bàbá wa,1
iwájú lọ̀pá ẹ̀bìtì ń ré sí kú iṣẹ́ takuntakun o ò ní kú ní rèwerèwe kú ọjọ́ ìbí o ọ̀rẹ́,1
a gbádùn yín ganan ni lórí ètò náà o àwọn ìdáhùn yín jinlẹ̀ púpọ̀ yoòbá ẹnu yín mú bi abẹ,1
oluwa o se fun ise toni ile ti too lo ale ti le tan,1
endurance is ìforítì in yorùbá ó da kí ẹ̀dá níforítì it pays for man to have endurance,1
congratulations to the new president joseph abideen akóredé àdìgúnìkọ́ káre ọmọ ìsẹ́yìn orò ọmọ ẹbẹdí mọkọ ‍️‍️‍️‍️‍️,1
ẹ kú iwájú o,1
ṣọ́ṣọ́ olóhùn arò ti yára gbé orin kan ̀bá,1
ká ṣiṣẹ́ ká lówó kò dàbí ká mowó ná translation knowing how to earn cannot be compared to knowing how to spend lesson it is important to take note of our spending habits,1
fe enikeji re ase oluwa ni ife lakoja ofin,1
ojúmọ́ ire o ẹ kú ìsinmi òní,1
ọ̀bọ́ ṣàdúà ó ní ẹní á san wá ju tàná lọ o àpémọra là ńpé témi díre mo ṣàmín rẹpẹtẹ mo sì gbétọ́ ẹ̀ mì,1
òní ló bo ọ̀la lójú ọ̀la sì ni ẹ̀gbọ́n elédùmarè jẹ́ kí ọ̀laà mi ó sunwọ̀n ju àná àti òní lọ àwíṣẹ́ àfọ̀gbohùn,1
ajé á wá wa wálé a óò lájé lọ́wọ́ a kò ní ní i lọ́rùn a óò rí ajé jẹ gbámú fi ṣe ohun rere ajé ò ní hán mi nítorí ojú owó kì í pọ́n dàda ǹjẹ́ mo ti di dàda ọmọ olówó ẹyọ owó ò tún hán mi mọ́ ajé ò,1
yorùbá ti wọ́pọ̀ gidi lórí twitter báyìí o á wúmi pé lọ́jọ́ iwájú kó tún gbòòrò síi dáa dáa ṣé ẹ ti tẹ̀lé,1
kòríkòsùn lọ̀rọ̀ wa o,1
ó di mẹ́ta mo kí nwokorie kú iṣẹ́,1
nigbogbo ona oluwa loye kama fi ope fun nitori nipa ife ree lafi wa laye,1
ẹ̀yin ọmọ mùsùlùmí òdodo ẹ kú ọdún ìtunu àwẹ̀ ah àṣèyíṣèmíì tọmọtọmọ,1
olorun toda awon oke igbani eyin nimo fi ope mifun tani n o tun gbega biko se baba loke tani n o tun fi gbogbo ope mi fun,1
adupe o awon amujuto ni wipe ka dupe ile ise yin ko ni jono o eyin na e ma fi peturolu sere legbe ile ise,1
gbogbo ẹni tí ìlọsíwájú ètò ilera jẹ lógún ẹ fọwọ́ sí ẹ sì tàn án ká sí àwọn ọ̀rẹ́ yín náà cc,1
ẹ jọ̀wọ́ ẹ rọra gbẹ́sẹ̀ le bẹ bá ń wakọ̀ oríi ìyáa yín mo i bẹ̀ yín,1
ire gbogbo a kàṣàì tọ̀ mí wá ire gbogbo,1
èmi dúpẹ́ ọlọ́run ọba pé ọjọ́ òní ṣojú mi ọjọ́ kọkànlélọ́gbọ̀n tí í ṣe ìgbẹ̀hìn ọdún mo fọpẹ́ fún olúwa,1
ọ̀ṣun ẹ kú ayẹyẹ ọ̀ṣunòṣogbo ti ọdún nìí o,1
ẹ kú àárọ̀,1
ẹ ṣeun tí ẹ fẹ́ràn ohun tí à ń ṣe ️,1
oṣù ọ̀wàrà bẹ̀rẹ̀ pẹ̀lú ọ̀wàrà òjò àpẹẹrẹ pé ìbùkún ń bẹ nínú oṣù yìí ni a kàṣàì tù wá lára,1
ohun tí à ń wá lọ sí ṣókótó wà lápòo ṣòkòtòo wa ọ̀kanòjọ̀kan igi ń bẹ nílẹ̀ yìí tí yó fọ ẹnu mọ̀ ṣáká,1
ẹ káalẹ́ o ẹ̀yin amòyè gbogbo ẹ dákun ẹ ràn mí lọ́wọ́ ẹnìkan kì í mọ̀ tán,1
oju ayo lo mo gbogbo wa loni oh ire,1
ẹkáàárọ̀ o ẹ sì kú afẹ́rẹ́ òní ò ní jọ àná èmi wíi alèwílèṣe á ṣe bẹ́ẹ̀ a á ṣẹ bẹ́ẹ̀,1
ebemi nbe niwaju re oba orun gbaa wole ki enu leeya awon alayonu so ki oju ki ole ti awon ti won ro pe kolee sese amin,1
àsọọ̀sọtán ọ̀rọ̀ ìlanilọ́yẹ̀ ọ̀rọ̀ ìlọsíwájú ìgbaniníyànjú àti bẹ́ẹ̀bẹ́ẹ̀ lọ tí àwọn ènìyàn ńgbọ́ lórí kọjá àfẹnusọ,1
àkòrí ìṣàmúlò èdè abínibí fún ìdàgbàsókè ìbomirin àlàáfíà àti ìbálàjà,1
ni eni jimohadupe lowo olorun fun emi wao daaro ooomo ripe o n konju lo sile ni mo fi re le temi n,1
gbangba fe dekun niyen o ìkéde pàtàkì alákọ̀wé nífẹ̀ẹ́ sí ipò ààrẹ nàìjíríà ẹ dìbò fún un ní,1
ọwọ́ ẹ̀rọ̀ ló bá dé àwọn aginișọ́ wá kí mi sílé òjò tó rọ̀ ló tì wọ́n sóde,1
amin o beno lo ma se ri fun gbogbo ninu osu yi,1
amin oh amin ase a dara fun wa omo iya mi a ye wa kale a o ki ara wa ku ori ire lose yi lase odumare,1
we appreciate everyone on the team for making this happen ẹ ṣeun o,1
mbami e pòe seun púpò ire o,1
àkókò kò dúró de ẹnìkan time waits for no one make hay while the sun shines promptly exploit opportunities,1
ori mi ti n wu fun bi e tie se dami lohun daadaa yen e seun adupe ojumo rere ni yoo je fun koowa wa,1
mò ń jáde lọ máa bá mi lọ̀ olódùmarè baba mi a dàgbàdàgbà má pààrọ̀ oyè pa àlọ àti àbọ̀ mi mọ́ kí n má bà á bìlísì pàdé,1
ki ní yìí tiwa ni yàtọ̀ sí kiní yìí tèmi ni bẹ́ẹ̀ bù fún mi kí n bù fún ọ lọ̀pọ̀lọ́ ń ké lódò ohùn àgbáyé ń fẹ́ ìrànwọ́ láti tẹ̀síwájú nínú iṣẹ́ ìlú tí ó ń ṣe láìsí owó kò sítẹ̀síwájú ìwọ náà lọ́wọ́ sí i,1
àgàgà àwọn tí ń bẹ ní úróòpù níbi tí oòrùn gbé là ní òru gànjọ́ tó ti ń wọ̀ ní alẹ́ pátápátá ẹ kú iṣẹ́ láádá,1
má ṣe da ìdọ̀tí sójú ọ̀gbàrá àbi kòtò ìdaminù ó nfa omíyalé àti súnkẹrẹfàkẹrẹ lójú pópó,1
èdè dùn ń jẹ lẹ́nu bí edé ìbà pèdèpèdè lédè yoòbá láti orí baba akéréfinúṣọgbọ́n tói délẹ̀,1
àìsí níbẹ̀ ni àì bá wọn dá sí i kì á dára bí orílẹ̀èdè nàìjíríà náà bá pakítí mọ́lẹ̀ kí ó pe àró àti ọ̀dọ̀fin inúu rẹ̀ kí ohun náà ó bá ayé yí sí ibi tí ayé ń yí sí díẹ̀ lọ́wọ́ ará ìlú púpọ̀ lọ́wọ́ olóṣèlú tí ó ń tukọ̀ ìjọba,1
ọmọ etíi yín mélòó ẹ rorí kẹ́ ẹ tó tẹ̀ka fún olóṣèlú kan ẹ rántí pé àwa la ó jẹ̀yà ibẹ̀ bá ò yànánan re,1
bàbá mi ẹkáàbọ̀ sí twitter ooo ṣe dáadáa lẹ dé,1
alabukúnfun li awọn ọlọkàntutù nitori nwọn o jogún aiye,1
ajíbọ́lá yẹmí mo rí iṣẹ́ ribiribi àtúnṣe ilé ìwòsàn tí o gbé ṣe ní kwara ọlọ́run á san ẹ́ lẹ́san ire káre ọmọkọ,1
and things i know to be true gistas mi ọwọn for making my special day extra special mo dupẹ o a ṣe mọdọn,1
ire in oju owo n ri ire ni yoo je tiwa loni amin,1
iṣẹ́ ọmọaláṣejẹ òwò ọmọaláṣelà òwò tí ẹ̀dá bá mọ́ ní í dá ẹ̀dá lẹ́hìn iṣẹ́ ọwọ́ wa ò ní di ìṣẹ́ o àpamọ́wọ́ owó àtàjèrè ọjà,1
ẹni tíwọ ba nípá láti ṣe ìrànlọ́wọ́ fún tọ́jú rẹ̀ òhun lẹnìkejì rẹ èdùà á rànwọ náà ran ọ̀gbẹ́ni yìí lọ́wọ́,1
fàájì ni o ọmọ jayéjayé,1
a ku ose tuntun ire owo ire omo ati aiku ti nse baale oro ninu ose yii oo,1
ajo kindun ki odidere eye oko gbagbe ile ilé làbọ̀ ìsinmi oko,1
ooni adeyeye enitan ogunwusi celebrates odun isu yam festival in ileife yesterday the last time the festival was cel,1
àwa ọ̀dọ́ àwa ni olórí ìlú nàìjíríà lọla ẹ jẹ́ á gbìyànjú láti lọ́wọ́ ńnú ìdàgbàsókè ìlúu wa,1
máà jẹ́ ó yà ọ́ lẹ́nu ewé patanmọ́ ń fọ iléìtọ̀ mọ́,1
yoruba integration ìṣọ̀kan àwọn ọmọ oòduà,1
eni eleni o gbon baje oya so ewe gbe je mowo ki oro re ma wa dabi oro eni ti a wi fun oba je o gbo,1
ti se ikede wipe awon omo ogun nijeria ti fi oju bokoharramu gbole ni aginju sambisa wan ti gba odobirin ati adelebo sile,1
ẹṣeun ó ti yé wa ọ̀rọ̀ pàtàkì lẹ sọ ọlọ́run ọba ò ní padà lẹ́hìn yín o,1
ọba lókè á gba ọpẹ́ wa o,1
ojúọjọ́ ṣú dẹdẹ níhà tèmi òjò ìbùkún ń ṣe bí ẹni fẹ́ rọ̀ bóo ni lọ́dọ̀ tiyín ńbẹ̀un,1
ọmọ niyi ọmọ nidẹ̀ ọmọ lade orí,1
ma se gbe gbogbo igbesi ati igbese aye e sori afefe ri daju pe site ti ofe san owo si ni ojulowo pe ode ni idabobo na,1
hrw èèyàn á kú èèyàn á kù orí ló bá mi ṣe tí n kò da ọtí bọ̀ti inú agolo ọ̀hún gọ̀ọ́gọ̀ọ́gọ̀ọ́ ní ẹ̀rìn kan náà bí mo ṣe máa ń ṣe bí ẹhùnun rẹ̀ bá hùn mí ohun mìíràn ni à bá máa sọ ìyẹn bí ẹnikẹ́ni bá mọhún pa mí,1
àkíìkà òwe lẹ̀ẹ́ túbọ̀ máa pa ẹ ò ní pèèyàn,1
mo ti n tele eyin naa e se o a dupe dupe,1
ninu odun ti nbe laye ti keresimesi yato odun alarinrin,1
ìdí abájọ rèé pé ò báà pa ẹgbẹẹgẹ̀rún èyàn ìjọba ò báà kó irinwó ọ̀kẹ́ owó jẹ ọpẹ́ ni fólóldùmarè òní lá ri kòsẹ́nií mọ̀la,1
ko omo re ki o ba fun o ni simi,1
amen mo dúpẹ́ gan sir,1
orúko rere sàn ju wúrà àti fàdákà lo,1
nítorípé ònìí ni ọjọ́ àìkú a ò ní kú ikú di ti olódì àwa ti gbékú dè a ò kú mọ́ a ò ní gbọ́kú elédùmarè,1
dẹ̀dẹ̀ níi rọ kókò lágbàlá àṣẹ olúwa ni ara á tù wá lọ́dún yìí ẹ̀ bá ṣàmí ọdún tuntun,1
ase wart àwa la ó borí ìṣòro kíṣòro,1
inú mi dùn mo jí sáyé mo jí sáyọ̀ mo jí síre èdùà kú iṣẹ́ ìyanu o,1
alaafia la wa o otutu die kan n mu ni nitori ojo ale ana ẹ kú ojúmọ́ o ẹ̀yin ẹ̀dá rere ṣálàáfíà ni ṣẹ́ dáadáa,1
ìyáa wa láti iléifẹ́ ní kí àwa ọkùnrin ó gba obìrin ni ìyànjú láti mọ ayélujára ló ò,1
ìpínlẹ̀ ògùn tí nawọ́ ìbásepọ̀ sí ilẹ̀ benin lórí isẹ́ àgbẹ̀,1
opé fún elédùà yìnyín lópò lápòjù ara le koko bí ògún àgbẹ̀dẹ ẹ kú àmójúbà wa òtútù ló kàn,1
bí ọmọdé bá ṣubú á wo iwájú bí àgbà bá ṣubú á wo ẹ̀hìn upon falling a youngster looks ahead for help an elder looks back for the cause prevention is better than cure its good to seek help after a fall but better to prevent a recurrence,1
ọ̀kan ni wá níwájú elédùmarè ẹ jẹ́ á yéé ya àwọn kan sọ́tọ̀ ré wọn sílẹ̀ gbé àwọn kan ga,1
ẹ ṣeun púpọ̀ fún ìmọ̀ràn yìí inú wa dùn sí ìdí tí a fi ń kọ kíkọ ní èdè gèésì àti yorùbá ni wípé àwọn tí kìí ṣe ọmọ yorùbá náà lè ní àǹfààní láti kọ́ ohun kan tàbí èkejì nípa ilẹ̀ yorùbá a ma ń kọ kíkọ wa ni yorùbá àti gẹ̀ẹ́sì,1
ekúnasùnsínú ni fiimu ti gbogbo idile le wo ton ko ni leko to tun tonisona,1
ah ọlọ́run ọba kówa yọ nínú ìdààmú yìí ẹ kú ìfaradà o,1
so people in petalingselangor speaks you better come down to eko ijebu abeokuta oyoibadan etc wre you can get iranlowo bi ko se be otutu yi si ma po si ooo,1
mo kí ọlọrun ọba kú iṣẹ́ ìyanu olúwa kú iṣẹ́ o,1
toò gbogbo yín ẹ ṣe o ẹ ṣeun fún ìwé tí ẹ fi ranṣẹ àti ìfe tí ẹ ni si wa ire ni tiwa o,1
ilẹ̀ àánú olúwa kì í ṣú gods mercy never runs out no impossibility with god he cannot be contained or cornered,1
èdèe wa ni kí a ma lò lórí ayélujára kí a fàyè sílẹ̀ láti lè túmọ̀ rẹ sì gẹ̀ẹ́sì àtàwọn èdè ilẹ̀ẹ wa mìíràn,1
sugbon iwon ni won le tan wa mo awa naa ti kuro ninu okunkun bayii,1
happy new year ki odun ayabo fun wa,1
orí bá mi ṣe é kó yọ rí ẹlẹ́dàá bá mi ṣe tèmi kó yàn kó yanjú mo di oríyọmí oríowó oríadé lónìí ọjọ́ ajé,1
amin o odun yi a yabo fun wa o aori batise aori ona gbe gba,1
rt yakubu adesokan ṣorí ire,1
in language on law enacting security trust fund igbese lori eto aabo ni ipinle ekiti ati ekun gusu iwooorun,1
o ò mọ nǹkankan kò sí ohun da tó yorùbá,1
bota ba n rojo mi kiri loju dozen gbeeja mi loju paaaliamen,1
aregbesola alaafin ooni advocate yoruba integration ìṣọ̀kan àwọn ọmọ oòduà,1
mo kí gbogbo ọmọ nàìjíríà ẹ se gírí ìgbà ara làá búra ojúmọ́ ire ni lónìí o,1
who àláfíà fún gbogbo ènìyàn,1
ọdọọdún là ń rí orógbó ọdọọdún là ń rí ahùsá ọdọọdún là ń bá,1
fọ́nrán ẹ sọra fún àwọn wòlíì èké àti àwọn adamọdi olùṣọ́aguntan boo ṣàìsàn lọ sí ilé ìwòsàn bí ebi bá ń pá ọ ohun tí ó nílò ni owo tó múná doko tàbí isẹ gidi máa fi tọrọkobo tóo ni fún àwọn ọlọ́rọ̀ ló nínú àdúrà tààrà sọ́dọ̀ ọlọ́run,1
ìtàkùn tó ní kérin má wọdò tòun terin ní í lọ kò sí ìdíwọ́ kankan fúnwa lónìí o a ó gbé oun ire ṣe,1
yoba moodua fi èdè yorùbá kọ́ ọmọ rẹ̀ teach your child yorùbá,1
ọjọ́ òní dọwọ́ ọlọ́run ọba ọjọ́ ìṣẹ́gun lòní jẹ́ ìṣẹ́gun ni tiwa tẹbí tará,1
kí olódùmarè rí sí ìlọsíwájú àti ìdàgbàsókè ìlú wa,1
lónìí ọjọ́ kẹ́rin oṣù ògún gbogbo ewu àti àkówábá á gáfárà torí àwa kìí ṣe ẹran ògún,1
mo ti wa fee ma gbadun twitter ni ede yoruba gaan ju ti ede lo bayii,1
àtùpà ayọ̀ ire ògòo ayé mi á bùyọ kì yóò kú,1
inú mi ì bá dùn bí ẹní láyin bóbáṣepé èdè yorùbá ni ẹ fi kọ kíni yìí,1
ona meje lati mu ki igboya re gbe peeli ju ti ateyinwa lo,1
lámọhín táa jọ fẹ̀gbẹ́lẹ́lẹ̀ lánàá ti lọ sísà òṣùba sàdáńkátà fún olódùmarè mo dúpẹ́ mo jíi re,1
oshe ore mi aku odun aku iyedun emi ase pupo lase edua,1
ọ̀rọ̀ wa dọwọ́ ọlọ́run ní naijiria o jàre,1
tẹní bẹ́gi ló jù igi á rúwé,1
lekanremilekunamos happy birthday odidi omo ilaje lekan remilekun amos aka omodafidi yorùbátv ẹgbẹ ọmọ olúwa bí gbogbo àgbáyé ojú òpó ìkànsíraẹni yoruba tv,1
ọ̀la ọjọ́ọ̀ míì ọjọ́ọ̀ ire ọ̀kọ̀ọ̀kan la ó jìí oooo,1
ó ní ká sá máa forítìí ka ṣì nítẹ̀lọ́rùn pé bópẹ́ bóyá a ó rì í èrè jẹ,1
ìfẹ́ tí ọlọ́run ní sí ọ̀rúnmìlà ni a fi pè é ní ọmọ ọlọ́run,1
àgbà ti ń dé nìyẹn o wọ́n á dàgbà darúgbó lọ́lá olódùmarè,1
òròkí ṣe ẹ wàpá,1
gbogbo ẹni ba lọmọ òrukàn lọ́dọ̀ ká ṣe pẹ̀lẹ́pẹ̀lẹ́ pẹ̀lú wọn ló dára kí wọ́n ba lè kọrin ire kì wá bi wọn bá yọrí lọ́jọ́ iwájú èdùmàrè jẹ́ ká dàgbà ká dògbó,1
akú oṣù túntún happy new month,1
o ṣe é,1
odun yi atura koni le koko mo mix ohun ti mo dawole a yo ri ohun ti mo bere loluwa yo se fun mi odun yi atura koni l,1
ẹṣeun ẹ kú àpọ́nlé o àwa náà kọ́ ọlọ́run ọba ni o,1
toò ojú kan làdá ń ní ajá kìí rorò kó ṣọ́lé méjì èmi kan ṣoṣo yìí náà ni n kò pé méjì alákọ̀wé yín rèé mo kí gbogbo yín o,1
ẹ kú ìrọ̀lẹ́ o ọmọ oo ara o le bi,1
gbogbo wa la máa kú ọmọ yobá bá aṣíwájú ìlú èkó kẹ́dùn ikú ìyáa wọ́n àbíbátù mọ́gàjí ẹ̀yìn ìyá á dáa o,1
mo ti n tele yin bayii inu mi yoo dun ti e ba tele mi pada,1
mo gbádùn re pelu iro nla lati odo gej rt báwoni olúkálukú ṣe gbádùn àjọ̀dún àyájọ́ òmìnira,1
eyin orekelewa omoge ile kaaro ojire to mo faajie kan si arabinrin lati ra sokoto igbalode ti won pe ni pallazo,1
tọ́lání fún mi ní ọkà àti gbẹ̀gìrì jẹ dákun kíni ọkà nínú gbólóhùn yìí,1
ojúmọ́ ire o bùọ̀dá ọláṣeéni,1
àìkú kejì oṣù kẹfa àwa óò rí mẹ́ta tókù a ò ní kú,1
lọ̀ ọ́ wáṣẹ́ ṣe ọ̀gbẹ́ni jagunlabí lọ sùn kaàká kí o ro orí ẹ má lọ bá wọn ba ohun tó ń dára jẹ́ mọ́ àtunbọ̀tán ń bọ̀ o,1
emi ni olubori tabior emi ni mo gbegba oroke,1
ìbòjú dúdú àti omi tí mo fi ńwòó rè é lóòótọ́ ló yọ àmọ́ kò pọ̀ ni ẹ ṣeun,1
me wey be omo igbo sef mo gbo yoruba daa daa yoruba issa swii language,1
àbá ànà nì kan kọ́ lóyẹ kámáa fi ìfẹ́ hàn gbogbo ọjọ́ ni ìfẹ́ ẹ jẹ́ á fi ìfẹ́ bára wa ṣe kí ìfẹ́ ba lè máa báwa gbé,1
òlòhun ko mani jè ki ari ko èran mo ero o two different things,1
eseun gan a ki yin fun akitiyan yin awa na o ni sere legbe peturolu rara,1
beeni ko ni baje fun enikeni wa lailai bi a ti n lu ni yoo maa dun edumare ko ni je ki o ya mowa lowo,1
olóògbé kẹhinde dairo aiyé yìí á yẹ wá ♫ ♫ gt,1
ẹ kú ìyálẹ̀ta o ẹ dákun ẹ bá mi kí ọpẹ́yẹmí ọ̀rẹ́ẹ̀ mi àtàtà tó ń ṣe ọjọ́ ìbíi rẹ̀ lónìí,1
mogba ladua wipe bi odun yii tin pari lo emi ati ire ani bawon ku iku ojiji tabi ra posi ibanuje lola olodumare com,1
epo ńbẹ ẹ̀wà ńbẹ o epo ńbẹ ẹ̀wà ńbẹ o àyà mi ò já ó e àyà mi ò já láti bíbejì o epo ńbẹ ẹ̀wà ńbẹ o,1
ọláńrewájú la ó máa jẹ́ a ò ní di ọlá rẹ̀hìn nítorí ọláòsebìkan ọlá dùn joyè lọ àti pé ọlá kì í tán,1
haha òyìnbó ni iphone mi o kò mọ gb pè yó gba ibi ire o,1
nínú àwọn ìlú ilẹ̀ yoòbá tí ó jẹ́ igbó kìjikìji ìpínlẹ̀ ògùn jẹ́ ọkàn ìdí kan sì nìyí tí òrìṣà òṣóòsì fi gbayì ńbẹ,1
daada la ji,1
i love the ijaye a county in egbaland thats my mother side especially the oriki ijaye omo kunrunmi kunrunmi ajadi igo kunrunmi tii kunmo loju kunmo lenu aare npe o ondifa bi ifa re ba fore ti aare ko fore nko aare re akitan o ma die bo wale,1
gbogbo bàbá rere ẹ kú iṣẹ́ náà olórí lẹjẹ́ ńnú ilé èdùà á fúnun yín lọ́pọlọ à ti máa ṣé e re,1
arómọgẹ̀gẹ̀ òjí ní kùtùkùtù mókùn ọlà dání ṣíjú rere wò mí kí n lówó ìyá ajé olùpèsè ọrọ̀ wá jókòó kalẹ̀ síléè mi,1
nítorí wípé ní ìdúró kokoko là ń bá odù awo a kò ní di ẹni ìdùbúlẹ̀ a kò ní kú ikú ọ̀wọwọ̀ láṣẹ olódùmarè agòtún,1
ọ̀yẹ̀là bí iná bá wọlé òkùnkùn a sì paradà ẹ káàárọ̀ o ẹ̀yin olólùfpẹ́ẹ tèmi nìkan,1
olorun ku suuru,1
e kilo fomode ko ma rin nipado ko ma sesi fara gbogidan lojiji igboran san jebo ruro ~ king sunday ade,1
inú mi dùn oríì mi wú ọmọ alálùbáríkà lèdùà óò fi fún ọ,1
mo dupe fun oluwa lori ebi ati ara mi,1
ìyá ni wúrà iyebíye tí a kò lè fowó rà,1
ewu ò ní wu wá bí a ṣe ń wá oúnjẹ oòjọ́ lọ ọ̀nà ò ní nà wá àlọ ire àbọ̀ ire,1
owo se koko but alaafia ni koko aku odun titun emi wa a se pupo odun laye ninu alaafia to pe ye lagbara edumar,1
bí a gúnyán nínú ewé bí a sebẹ̀ ńnú èpo ẹ̀pà ẹni tó máa yó a yó àgbo dára mu ún,1
oloma ajiki iwá ni mope asé mo juba ori o agbo ato,1
koni gbe awa ati ebi ara ati ore lo oo ojo atura lo ma je fun wa ase edumare,1
òkèòkun kì í dùn kátukọ̀ máà lórí padà bọ̀ ṣoríire lọ́hùn ún kí o kóríire ọ̀hún ran naija àwé ò dákun mọ́ gbàgbé ilé,1
kó yẹ ká máa ṣààta ẹnikẹ́ni bí a ṣe dá táyé la dá kẹ́hìndè bí a ṣe bí ẹrú la bí ọmọ,1
ẹ kú ojúmọ́ ire o ìsinmi ayọ̀ la ó máa ṣe o,1
adupe fun edua ẹ mà kú ọjọ́ mẹ́ta o ẹ̀yin ẹ̀dá ọlọ́run wọ̀nyí bóo ni o,1
àgbẹ̀ lọba àgbẹ̀ ni mí ọba ni mí,1
ekaaro gbogbo omo kootu ojiire eni ni jimoo oloyin oyin ati adun ko ni wonle gbogbo wa o,1
ọlọ́run ọba ṣèyíówùú náà ló gbéwa dìde lórí ìtẹ́ kó má ṣàì dáàbò rẹ̀ bòwá lọ́jọ́ òní,1
òpin oṣù kẹfà mosọ́pẹ́ ng ò bá a lọ orí modúpẹ́ agẹmọ wọlé dé ire ayé mi wọlé dé á á ṣẹ àṣẹ,1
màlúù tí ò ní ìrù ọlọ́run ni í lé eṣinṣin fún un god himself is the one who fends off flies for a co,1
bi o bá ni aya gidi dúpẹ́ lọ́wọ́ orí bí o bá pade ìfẹ́ òtítọ́ má bójú weyín bí ò bá gbọ́kilọ ọjọ́ bá kan àdánwò lo mọyì akewi olayemi mi ò lè pariwo,1
naijiria yìí ti gbogbo wa ni kò mà gbọdọ̀ bàjẹ́ torí kòsí ibòmíràn tí a lè lọ àfi amẹrika àti úróòpù,1
ojumo rere lo mo wa gbogbo omo oodua,1
yorùbá omo karo ojire omo odùduwà omo kaaro ojire oòdua a gbe wa o,1
ọjọ́ etì a ò ní wá nǹkan tì a ò sì ní di àwátì àṣetì ò ní jẹ́ ti wa a ò ní ṣe é tì,1
iba fun eledua,1
ẹ ṣeun fún àwàdà yìí ẹ gbọ́ kí làmàlá so mẹ́ṣẹ̀ panla n làmàlá so mẹ́ṣẹ̀ panla,1
olupese ni oluwa oba ti ng pese fun eda ebi owuro ebi osan ati ale ma je ko paa mi loni ati gbogbo ojo aye mi,1
ewé ẹlẹ́rọ̀ ni mo já sọ́wọ́ lóòórọ̀ yìí ẹ̀rọ̀ pẹ̀sẹ̀ ntìgbín kí ara ó rọ̀ mí nítorí dẹ̀dẹ̀ ní í rọ kókò lágbàlá ara óò tù mí dẹ̀dẹ̀,1
èèyàn iyì ẹ kú ìsinmi o,1
lẹ́hìn tí mo kí ọlọ́run tán ẹ̀yin èèyàn ló kù ẹ̀yin ọmọ káàárọ̀oòjíire mo júbà o,1
otito ni e so maa mojuto apa ibeyen e se fun pipe akiyesi mi sii,1
ẹ̀yìn ìgbà tí wọ́n fi ìmọ̀ ṣe ti obìnrin ni ohun gbogbo bẹ̀rẹ̀ sí í gún régé fún wọn nífẹ̀ iyánan wọn kò lẹ́mọ́ ọkàa wọn kò díkókó,1
ṣebí it was paining us together we are now healed olúwa ṣeun,1
omo ile oau se moto ti n lo solar segun oyeyiola omo ile iwe ifafiti obafemi awolowo to wa ni ile ife lati http,1
thank you for your time we appreciate your presence and the information shared may elédùmarè continue to bless you ẹ ṣeun fún àkókò yín inú wa dùn sí wíwá yín àti ìmọ̀ tí ẹ fi hàn elédùmarè á ma gbé ọwọ́ yín sókè,1
iṣẹ́ ti tán lónìí ó ku ká rọra gbafẹ́ díẹ̀ atẹ́gùn àláfíà nfẹ́ orin aládùn nlù lórí àwo ìpanu náà ò sọ̀wán ìgbádùn ni rẹpẹtẹ,1
bí eku ni wọ́n ń kọ́ ń fi lélẹ̀ n ò mọ̀ ìṣòrò ọ̀run wá bá wa gbé orò yìí ṣe,1
ma yara joko si ilenle mi o le je ki idun wa jemi,1
oyin mọmọ àdò bí ọmọdé róyin a sàkàrà nù mo doyin a kì í láyin ká rojú mọ̀rọ̀yìn mọrọyin là á rádùn oyin kí gbogbo ọmọ dúníyàn ó máa là mi mọ̀rọ̀yìn mọrọyin a kì í láyin ká tutọ́ọ rẹ̀ dànù ó ṣèèwọ̀ ìwọ ńkọ́,1
baba wọ sárì lọ ṣe àdúa èmi náà lọ káríi aàfin ni mo ṣalábàápàdée alàgbà,1
àṣẹ ni ti oyin àlááfíà fún,1
a kì í mọ ifá tán láàrínin ogún ọdún títí ọjọ́ ayé ni babaláwo fi ń kọ́ síi ifá kì í ṣe ìmọ̀ yẹpẹrẹ bẹ́ẹ̀ ìmọ̀ ìjìnlẹ̀ ni,1
ẹ rọra fẹ̀sọ̀ jayé,1
ojúmọ́ tó mọ́ mi lónìí ojúmọ́ ire ni kó jẹ́,1
ẹ kú ọdún eidalfitri ẹ̀yin ẹlẹ́sìn ìsìláàmù ẹ̀mí yín tó rí ẹ̀yin oṣù yìí á ṣe bẹ́ẹ̀ lámọ̀dún ẹ rántí fi àdírẹ́sì rá,1
àyájọ́ ọjọ́ àwọn obìnrin mo fi àsìkò yìí kí gbogbo obìnrin rere ilẹ̀ àti lágbàáyé,1
ọjà òyìngbò kò mà mà mọ̀ pẹ́nìkan ò wá o bí a bá ṣẹ̀ yín o ẹ̀yin àgbààgbà ẹ yé forí jìn wá o,1
nàíjìríà yìí ti gbogbo wa niko gbo do baje,1
wọ́n ní ẹni bá mọnnú rò á mọpẹ́ dá mo dúpẹ́ o mo fọpẹ́ fólódùmarè ọba mo dúpẹ́ olúwa mo tún jíire lọ́jọ́,1
ẹyẹ tí ò dúpẹ́ ní í kan àgbákò òkò ẹja tí ò dúpẹ́ a kan àgbákò ìgèrè ẹran tí ò dúpẹ́ ní í kan àgbákò ọdẹ mo ṣọpẹ́ tèmi o,1
ẹni tí ọ̀ṣọ́ bá wù kó ṣòwò ẹni ajé yalée rẹ̀ ló gbọ́n ṣiṣẹ́ kájé ba ya lé è rẹ,1
kun fun opolopo ope oku die ki da lagbo nu amo iroko tiraka ninu idibo eni,1
àti pé ẹ̀rù kankan ò bàmí ilé baba kìí bọmọ lẹ́rù,1
ẹ kú ojúmọ́ o mo kí gbogbo ọmọ naija kú ìpalẹ̀mọ́ èto tòní gbogbo ẹ̀ á lọ ní ìrọwọ́rọsẹ̀ o lọ́lá ọlọ́run ọba,1
àmójúkúrò ni í mú ẹ̀mí ìfẹ́ gùn willingness to overlook is what makes loving relationships endure no,1
ẹ kú ọdún túntún fún wa feliz año nuevo yórùbà para todos,1
e kaaro o gbogbo omo kaaro ojire ni gbogbo orile ede agbaye a si ku ti ayajo olojo oni a sanwa si owo alafia atifokanbale,1
bíntín layé ẹ má wa ilé ayé mọ́ àyà,1
e seun orisun imo ko ni gbe láṣẹ èdùà,1
jimoh oloyin oluwa a gba adura waamin,1
ìwòrìwò ni àgbàdo ń wọlẹ̀ igba aṣo ní í mú jáde | gbogbo àdáwọ́lé mi á yọrí sí rere lọ́lá alálẹ́ yìí,1
hahaha àmín o ẹ kú ìpalẹ̀mọ́,1
ẹ jú ojúmọ́ o ará mi ọlọ́run á gbọ́ àdúrà wa o,1
mo kàwé àgbẹ̀ sì ni mí ìwé tí mo kà ò díṣẹ́ oúnjẹ lọ́wọ́ mò ń ran orílẹ̀èdè mi lọ́wọ́ ni ìwọ náà darapọ̀ mọ́ wa,1
ema si je ka gbagbe lati ma dake ati lati ma ba awon olori wa so otito adura pelu ise nla ni o,1
ọ̀pọ̀ oníṣòwò fi wọ ifẹ̀ tí wọ́n sì fi sọ ifẹ̀ di ilé wọn èyí mú kí ìdàgbàsókè ifẹ̀ lóyin ní ọ̀nà láti tún bọ̀ mú ìdàgbàsókè bá ọrọ̀ ajé ifẹ̀ wọ́n la ọ̀nà ìṣòwò lọ sí àríwáìlà oòrùn ifẹ̀ èyí tí ó lọ dé ìlú gao ní òkè ọya,1
nigbana mole funyin laridaju nipe bope boya gbogbo ero okan wa gbogbo ero n gba wa a wasi imuse sugbon a ma ni lati şe opolopo suuru nitori gbogbo lamo pe won o ko rome lojokan ️ moshood,1
ewé ìtàkùn èso tí tí kan èpo ẹ̀hìn igi ni ó níṣẹ́ ìwòsàn tí í ṣe láàgọ́ ara wa àtẹ̀pà àpatán ráúráú ni àgbo ń pa àìsàn tòun aàrùn,1
orígun mẹ́ẹ̀ẹ̀rin àgbáyé ẹ jẹ́ kò yẹ mí lóṣù titun ọ̀sẹ̀ titun ọjọ́ titun tí a wà yìí nítorí kíni yó fi yẹ mí,1
oni ni ayajø øjø ede abinibi wa jakejado agbanlaaye ømø oduduwa ni mi ti a tun pe ni opøndandan fun mi lati fi ede abinibi mi kø awøn ømø mi bi awøn obi mi ti fi kø emi naa,1
owó yapa gt,1
ẹní bá fẹ́ jẹ iṣẹ́ ẹ̀ pẹ́ máa ńbínú mọ níwọ̀n ni whoever wants to long enjoy the fruits of his labor ought to be in control of his temper moderation and tolerance are crucial to longevity,1
kasa ma fi oriti ka si tu ni itelorunbó pẹ́ o bóyá a óò rérè jẹ n ò rántí àkọ́lé rẹ̀ ṣé o ti bi ifá,1
orin yorùbá orin ìyànjú orin ìtagírí orin ìṣìrí orin ìmọ̀ràn,1
ẹ ó lọ ẹ ó bọ̀ ẹ ò ní bọmọ jẹ́ o ire níwá ire lẹ́hìn ire lọ́tùnún ire lósì,1
e kaa ro sir a ni ri laburu o so depressing,1
e joowo booni e seun fi ami si awon oro yin pátákóìkọ̀wé ni,1
a dupe pe opin ose de iyen ja si isimi fun wa,1
òtítọ́ korò kí a yé é pa òtítọ́ rẹ́ truth is bitter the truth should not be silenced,1
bí oṣù èrèlé ṣe kó ẹrù sọ́kọ̀ lọ tí oṣù tuntun ẹrẹ́nà sì lalẹ̀ bí i òṣùmàrè ni òfo ayé mi kẹ́rù sọ́kọ̀ lọ tí gbogbo ire ayé mi yóò sì bú yọ bí i ìtànṣán oòrùn ọjọ́ àti bí òṣùpá ọjọ́ kẹrìnlá ire gbogbo tí ó ń bẹ ní dúníyán kò jẹ́ tèmi títí láé,1
pàsípaàrọ̀paàrọ̀ = exchangebarter wọn ò ní fi orí mi gba paàrọ̀ my head destiny shall not be exchanged,1
kò níí bàjẹ́ fún wa ire kànkà ni ti wa odò ògùn á gbè wá o,1
àṣẹ wàá baba ẹ kú àti,1
mo kí kú àyájọ́ ọdún kẹrìnlá o àṣèyí ṣàmọ́dún o,1
wọ́n ní ẹ fún ọmọdé lọ́mú mú dáadáa pé omi omú ń dènà sísanra lápọ̀jù lọ́jọ́ ọ̀la ọmọ,1
ìjà ẹnìkan ṣoṣo kọ́ àjọ̀ṣe gbogbo òǹlò ẹ̀rọ ayélukára bí ajere ni ẹ dìbò kí ìgbìmọ̀ aṣòfin wa ó gbójú kí wọ́n lọ gbalé ságbójú ire o,1
wa gba fun oga e ni now,1
èmi kì í ṣahun rárá lọ́wọ́ kan ni mo ti tẹ̀lé yín padà a ò kúkú kó followers wá látọ̀run‍️,1
amin aṣẹ n tedumare,1
ah ẹṣeun o ẹ̀yí ganan ni ìpanu gidi,1
ká ròfọ́ ọpẹ́ àti ọkà ìdúpẹ́ fún olúwa apanimọ́ tó pawámó láti ọjọ́ kìníní ọdún tó lọ sí ọjọ́ kìníní ọdún míì,1
ìwé ìtàn àròsọ aládùn yìí tí ó jẹ́ apá kejì kékeré ẹkùn kún fún ẹwà èdè ó sì tẹ síwájú nípa ìtàn àlàbí àlàbí rí oríṣiríṣi ìdojúkọ nípa ẹ̀kọ́ rẹ àti ọ̀rọ̀ ìfẹ́ kínni àlàbí ṣe àbi àyànmó ni ṣe àlàbí wá le borí bí,1
ẹkú ojúmọ́ o ṣálàáfíà ni ṣe omi ò yalé o,1
a kú ọdún a kú ìyèdún o à á ṣọ̀pọ̀ ọdún láyé,1
haha ẹ gbìyànjú púpọ̀ ọ̀pọ̀lọpọ̀ ọmọ yorùbá kò gbọ́ èdè yorùbá tó yín,1
pàdí mi wọ́n ti ní ìgbà ò lọ bí òréré ayé ò lọ bí ọ̀pá ìbọn àmọ́ àwa ò ní gbàgbé ìrẹ gẹ́gẹ́ bí ààrẹ adú usa ó dìgbòóṣe,1
obìnrin ni mí mo pé lọ́lá elédùmarè ò ṣì mí dá ó dá mi pé ó dá mi lójú sí gbogbo obìnrin a kú àyájọ́ ọjọ́ obìnrin àgbáyé ọlá àwa obìnrin ò ní relẹ̀ láé,1
obì obì ni ń bí ikú dànù obì á bi ikú dànù fún ẹ àádùn dídùn ni ti àádùn aiyé rẹ á ní adùn orógbó aiyé rẹ á gbó o and so on conversion to other religions has made the practice become sidelined boys are believed to have bones girls bones,1
lákòótán ẹ̀yin èèyàn mi alálùbáríkà mo rọ̀ yín ẹ jẹ́ ká yan ohun gbogbo tó jẹ́ ìṣẹ̀ṣe láàyò nítorí ohun ganan ló dáa fún wa,1
gẹ́gẹ́ bí ẹ ti ṣe mọ̀ igi kan ò dágbó ṣe ẹnìkan kì í ṣe erékùṣù ohun a bá jọ ṣe ló ńgúnrégé ẹ jẹ́ á jọ gbé àṣà yorùbá lárugẹ,1
aworan awon gomina apc rin ilu maiduguri ni ipade ti wan se ni ilu borno wan ki awon ara ilu wan si se ayewo si htt,1
igbakeji ààrẹ tún pàṣẹ fún banki àpapò nàìjíríà cbn láti kó ọ̀pọ̀lọpọ̀ mílíọ̀nù dola sì tà láti mú eto ọ̀rọ̀ ajé nàìjíríà lọ geere,1
ọ̀tọ̀ ni ti tọ́lú ọ̀tọ̀ ni ti tọ̀lùú ọ̀tọ̀ ni ti tọ́lùú wò ọ̀tọ̀ ni ti olúwéré ìrókò nínú igi ọ̀tọ̀ là á ya òfúá obìí sí ọ̀tọ̀ ni ire tèmi yóò jẹ́ lọ́sẹ̀ yìí gbogbo ẹ̀dá tí yóò ṣe mí lóore kí ó kàn mí lára o kí n fi ojú ríre kí n fi etí gbọ́re,1
were proud of where we grew up ìbàdàn mèsi ògò nílé olúuòyé youre proud of ibadan hit the rt button | odunlade,1
ara eleyi tun ya to oàrà ò ńtán nílé alárà,1
mọ bẹ̀ yín ẹ dákun ẹ mọ́ jẹ̀ ẹ́ àṣà yìí ó pòórá ẹ jẹ́ a kókìkí rẹ̀ kí a gbée lárugẹ ohun a ní là á nání,1
ogbeni pele pele o e rora gun esin twita yi ka ma gbagbe iwa omoluabi o,1
ọmọ ò ée pé dàgbà ọmọ ò ée pé dàgbà ọlọ́jọ́ ìbí wà á ṣe ọmọ ò ée pé dàgbà ò e̩ kú ọjọ́ ìbí,1
báárà means alms fún atọọrọbáárà ní báárà give the beggar alms,1
gege bi eyin na ti pinnu ni o èmi pinnu pé lónìí o ìlọsíwájú rere dé bá mi ayọ̀ wọlé tọ̀ mí wá kí ni ìp,1
ayé ò ṣé é fipá jẹ translation life is to be lived carefully,1
fọ́nrán àwọn tó mú igbega bá àṣà àti ìṣe yoruba lọ́nà iwuri ologbe olóyè hubert adedeji ogunde ️️ a bíi si ipinle ogun nigeria ni odun,1
orí ẹni ní ń gbé aláwo ire é koni,1
oju ki ti amo koko loju amo jesu maje koju timi sekere ki rin ode ibanuje jeki ayo kun inu miileke ki te ni ate maje n,1
ẹ kú déédéé àsìkò yìí o ẹ̀yin tèmi àsìkò fún ti tó ẹ jẹ́ ká dá ara wa lẹ́kọọ́,1
ajiire oki o san wa sowoomoalaafiaaiku tiise baale oro pelu ifokan bale lola eleduwa oba aà jí bí g,1
hmmmm ọba nlá,1
ara igi ọ̀pẹ la tí ń kó ẹyìn ọ̀pẹ kíkọ́ jẹ́ iṣẹ́ àgbẹ̀ kan nílẹ̀ káàárọ̀ o ò jí ire tí ó lówó lórí púpọ̀ ẹ ní kínìdí,1
bàbá rere ojúù rẹ dà a,1
e kuu deedee iwoyi o ogbeni kayode mo ri aworan yin pelu titilayo o si wu mi lori pupo oke leye nfohun oke le o ma,1
maa jaye ori mi mi o meyin ola o king sunny ade,1
gbogbo bàbá tó mọ rírì àti ànfààní ọmọ iṣu ọmọ yíó jiná fún yín jẹ o láṣẹ olódùmarè àmín,1
àṣẹ èdùmàrè ire ni tiyín náà lónìí o ọlọ́run ti fàṣẹ síi,1
ògún onírè o ògún ayẹ̀nà fún eníyán ayẹ̀nà fún ọmọ ènìyàn lánà ire kò mi tẹbí tará,1
a ò ní wáhun tí a ó jẹ tì lónìí o a ò sì ní pàdé ohun tí yóó jẹ wá ẹ káàárọ̀,1
ẹ ká alẹ́ o a ò ní ráburú lọ́dún tuntun o,1
you asked for it now you have it kindly share widely with yorùbá speaking citizens ẹ jẹ́ kí a pawọ́pọ̀ gbógun ti kòkòrò cc,1
òro ìwúrí opin ose abuja fct,1
omi tí a yóò mu ò ní ṣàn kọjá wa làá làá kòó kòó ò ránan,1
a ji ire bi iba akoda iba aseda iba awon to ni aye o,1
ẹ̀ ẹ́ gbayì ní,1
dànsákì o ọba ajínisáyé mo sùn mo jí sáyé ìwọ lọpẹ́ yẹ o baba gba ọpẹ́ mi o,1
àárọ̀ o ọmọ káàárọ̀oòjíire a kú ìsimin òpin ọ̀sẹ̀ ayọ̀ àtàlááfíà ni tiwa torípé àlááfíà táyọ̀ ire o,1
to ki oluwa ma se wa loni ise ka owo filogba,1
owuro lojo eni ma rire e ku ojumo oooo,1
kí ni ìtúmọ̀ gbólóhùn yìí a ò ní ríná ní kànga,1
olojo ibi ijo kan e o e mi e a se pupo kaye wa gbo wa to wa fi erigi je obi amin ab,1
idaamu gomina amosun won ti fa oludije miin kale fola adeola loruko e gomina ana aremo osoba duro lehin adeola gboin gboin,1
ọ̀rọ̀ ẹnu lágbára ọ̀rọ̀ ni àdúà ọ̀rọ̀ ni èpè ọ̀rọ̀ má ṣe mi ní búburú ṣe mi ní ire,1
bí a ṣe ń jáde nílé láàárọ̀ yìí lọ síbi ọrọ̀ ajé wa èrè la ó máa jẹ nítorí èrè lọmọ ọlọ́jà ń jẹ,1
bójú bá farabalè á rímú,1
throwbacklmao omo yoruba to gbayi,1
ajé ọjọ́ kẹfà oṣù ṣẹrẹ ọdún tuntun à á rájé jẹ torí èrè lobìrin ńjẹ lábọ̀ ọjà lọ́lá olúwa èrè ni ti wa,1
ògbójú olóògùn tó mọ ojú ìgbín nínú ìkarahun nípa ewé àtegbò ni oṣóòsì pẹjapẹja ní í ṣe pẹ̀lú,1
ọ̀gbẹ́ni òyìnbó olólùfẹ́ èdè àgbáyé kú iṣẹ́ o,1
ese e ku ife a ìí dúpẹ́ ara ẹni,1
ẹ ṣeun baba fun ojo oni,1
fi epo ra ara bí o bá fẹ́ ṣíra máa fi epo pupa para kí o fi ṣí ara,1
ìgbà mélòó la nlò láyé ẹ ṣayé ire o ẹ̀yin ará mi ilé ayé fún ìgbà díẹ̀ ni,1
àsìkò òjò wẹliwẹli rèé ẹ jẹ́ a ríi pé kòtò ìdaminù wa mọ́ kò sì sídọ̀tí lójú àgbàrá èyí tó lè ṣokùnfa omi yalé,1
ṣe ìtànká ìfẹ́ ní gbogbo ibi tí o bá ń lọ má ṣe jẹ́ kí ẹnikẹ́ni fìgbà kan wá sọ́dọ̀ rẹ láìdunnú kúrò mother theresa,1
dr frederick fasehun o digbose o o darinako o doju ala o doko alawo ma jokun ma jekolo ohun won ba nje lajule orun ni koo maa bawon je o ile oodua oni parun ile nigeria oni parun,1
ko ye ka fi edeilu wa le,1
give a rate to boy yoruba ni baba,1
sorosoro nimidakun ma je ki n fenu koto ri enu orofo lo n porofokenu temi ma se pami,1
amin ko si oun to soro fun eledua,1
ayọ̀ ni mo fẹ́ o baba olọ́run ayọ̀ máyọ̀ mi kún o ~,1
ẹ ye pa oníròhìn iṣẹ wọn lọ ń ṣe,1
inú ọgbà la wà fún ayẹyẹ àyájọ́ ọjọ́ yorùbá ẹgbẹ̀rún kan naira lowó ìwọlé ìwọ́ náà máa bọ̀,1
kindly follow back sir ẹ ṣé mo dúpẹ́,1
wọ́n ní bí a bá ṣeni lóore ọpẹ́ là ńdá arábìnrin ṣẹwà ọ̀gáà mi ẹ ṣeun fún ẹ̀bun bàtà tí ẹ fi ṣọwọ́ ìlọ́po ire ni ẹ óò rí mo dúpẹ́,1
beeni o ki oba oke ko ma je ki asiri wa ko tu faraye ibi lekeleke ti foso aparo kankan ko le mo ibe,1
olori badirat adeyemi sayeye ojobi odun kejidinlogbon aye gbo orun mo,1
ire mẹ́ta á balẹ̀ gùdẹ̀ síyẹ̀wùu wa lóṣù tí a wà ńnú rẹ̀ yìí ire ajé ọmọ baálẹ̀ọrọ̀ òkè lọ́wọ́ ọ̀pẹ̀ ń kọjú sí òkè la ó lọ,1
olúwarótìmí the lord stays with me,1
ẹ káàsán ó ẹ̀yin tèmi ẹ kú ọrọ̀ ajé àpamọ́wọ́ owó àtàjèrè ọjà ẹ̀yin òṣìṣẹ́ ọba ọkọ́ ọba àdá ọba ò níí ṣá wa lẹ́sẹ̀ ìbùkún rẹpẹtẹ ni fún wa lọ́sẹ̀ yí láṣẹ èdùmàrè,1
a kú ọjọ́ òmìnira ilú nàìjíríà o,1
olorun nikan lo n funni ni oláwealth olorun nikan lon funni ni olàfortune olorun nikan lon funni ni òlaposterity kabiesi olorun only god can give somebody wealth only god give somebody fortune and only god bestow a worthy posterity,1
ki olowa fi so e so wa ki a fi ayo ati alafia laaja ọdún ti di àbọ̀ oṣù mẹ́fà lókù kí a ríi já,1
amin oooire ni tiwa,1
ọlọ́run ùn mi ọba òkè ògo ni fún orúkọ elédùmarè ọba adániwáyé mágbàgbé ẹni,1
ìba rẹ o kabiọosí a jí pa ọjọ ikú dà baba mí àgonnìrègún a tó í fi ara tì bí òkè ẹ káàárọ̀ o,1
àṣọdúnmọ́dún ní í ṣawo àṣọdúnmọ́dún a óò máa bọ́dún yọ a kú ọdún tuntun,1
àwa gba wèrè èdè a gba wèrè àṣà àwa ni wọ́n ń pè ní ọmọ ọkọ a gbé ti wa n ti wa lárugẹ a yan tiwa láàyò,1
ẹ nlẹ́ o ẹ kú àsùnjí ọjọ́ ó múre wá o,1
àrè lọmọ ọlọ́jà ńjẹ àrè la ó jẹ níbi ọjàa wa gbogbo wa la ó jọjà ọjà ò ní jẹ wá o,1
lọ́jọ́ òní ijó àjólọsíwájú ni a ò ní jó àjórẹ̀hìn lágbára olódùmarè,1
ìyáa wa ẹ kú ọjọ́ titun o ose enyan mi ile ise yin koni jono o,1
ẹni tí inú rẹ̀ bá dùn á dun àwọn ẹlòmíràn nínú anne frank,1
awon omo kaaro o jiire lori twitter ti ya eni ojo eti ojo kejidinlogbon odun sile lati fi gbe ede yourba laruge,1
èyí ni igi awọpa ó dára fún ìtọ́jú àrùn àwọ̀ara iṣan àti ẹ̀jẹ̀ gbogbo,1
amin o ire loju ojo nri o ayun lo ayun bo lowo n yun enu ojúmọ́ ire o,1
eku owuro o ona wa ala loni o,1
awọn ẹlomiran gbẹkẹle kẹkẹ́ awọn ẹlomiran le ẹṣin ṣugbọn awa o ranti orukọ oluwa ọlọrun wa orin dafidi alguns confiam em carros e outros em cavalos mas nós confiamos no nome do senhor o nosso deus sl,1
ọmọ wa ò ní kú lójú ẹ̀míi wa,1
ògbómọ̀ṣọ́ ẹ̀yin dà ti yín ni mo ṣe jàre níbi wọ́n gbé jẹkà ní kùtùkùtù kí wọ́n tó mùkọ ẹkáàárọ̀ o,1
ase waa àsàlámàlékùn onílé àlààfíà àti ìlọsíwájú ìlúu wa ni mo gbà láàdúrà,1
ẹ ti mú u wá a ti rí ìwé owó ináa yín o ẹ ṣé o,1
ìmúǹmúná olódùmarè kò sẹ́ni tí kò lè mú gbogbo ẹ̀yin ogun tí ń bá ìlú yìí fín ra ẹ̀mú á mú u yín dandanàndandan,1
e ku ojumo odun naa a ba wa layo ẹ káàárọ̀ o ẹ kú ìpamọ́ ọdún o,1
eni ti ojo ti a ya si le la ti ma soro nipa aarun jedo jedo lo se ayewo ko de gba ajesara le ni,1
kí a ṣọ́ oúnjẹ tí à ńjẹ ní ìwọ̀ntúnìwòsì nǹkan dídùn dídùn ò yẹ adùn èso àti ọ̀gbìn ló dára,1
modúpẹ́ àǹfààní tí o fún mi láti gbé yobamoodua kalẹ̀ mo sì dúpẹ́ wípé ẹ̀mí wà,1
ibi gbogbo lo gba alagbara ole nikan ni aaye o gba e je ki a le imele jina ki a tera mo ise wa ki a le di eni ti aye n wari fun,1
amin o lase edumare mo fẹ́ dùbúlẹ̀ sunrun ayọ̀ a ó jí ire láàárọ̀ láṣẹ èdùmàrè,1
with passion gan pàápàá,1
ọkùnrin nì ni ọba àkọ́kọ́ ìlú ó ní aya ó bí ọmọ tó gbójú bíi ẹkùn tí kì í bẹ̀rù,1
yoruba ni mi omoluabi ni mi omo oduduwa ni mi,1
ojúmọ́ ire ni mo jí sí,1
mi o ba jeun ko ni jeunbi mi o ba sun oun naa o ni sunbi mo ba n sunkun inu re ko ni duniya niya mi,1
ẹkú ojúmọ́ o ojúmọ́ ire ojúmọ́ ayọ̀ ojúmọ́ àláfíà ojúmọ́ ìbùkún ojúmọ́ ìṣẹ́gu gbogbo ìṣòro lágbára olúwa,1
a tiẹ̀ dúpẹ́ pé èdè ìbílẹ̀ ti níyì síi lójú wa àwọn olórin ìgbàlódé wọ̀nyí ngbìyànjú o jàre,1
loba di peki emi ati ire ko ra wa a kìí gbàkàkà lọ́wọ́ akítì kò ṣẹni tó lè gba ire mi ọlọ́run ló fi fún,1
oke talagbara gun tomi hele oun lomo lorun gun to tun pada wa dupegbogbo oke isoro to wa niwaju wa nio di petele,1
ijoba eko tie gbinyanju omo lopo ju oka lo,1
gomina aregbesola ni ijoba oun ko ja awon araalu kule rara tolulope,1
e see pupo o se daadaa le wa,1
eré kan náà ni gbogbo wa ń sá ọ̀nà kan ò wọjà gbogbo ẹ̀ gbogbo ẹ̀ ìṣẹ̀ṣe làgbà,1
ebi ò ní pa kóówá tọmọtọmọ o àmínàṣẹ,1
èé ṣe tí ó fi jẹ́ wípé ẹni méjì rèjì nìkan ló tari ìtàn sí ibùdóìtakùn ìdíje ìtàn kúkúrú èdè ilẹ̀ adúláwọ̀ ẹ dákun ẹ fìtàn ránṣẹ́ kí ẹ fẹ̀bùn owó ṣara rindin tàbí kí ẹ bá ni pín in kí ẹni tí ó bá nífẹ̀ẹ́ sí i ó ba gánánní rẹ̀,1
ewé òmísínmisìn ẹ̀yin aráà mi ọmọ nàìjíríà mo kíi yín ẹ kú ìjókòó mo kíi yín ẹ kú àtìpóóṣe gbogbo bí ẹ ti ń fèèbó ni,1
etíi wa ò ní gbọ́ọ̀gbọ́ kúgbọ̀ọ́ ìròyìn ayọ̀ ni etíì mi á máa gbọ́ etí mi ò ní di bíi ti ikún etí mi a gbọ́re lónìí ẹtì,1
lóde ònìí òòṣà ìlú greece ti di ìlúmọ̀nọ́nká tí gbogbo àgbáyé ń bọ nípasẹ̀ ìdíje ọlọ́dún mẹ́rinmẹ́rin olympics,1
ojúmọ́ tí ó mọ́ wa lónìí ojúmọ́ ire ni kó jẹ́ ire gbogbo kó máa wá wa wá,1
oore lópé ìkà ò sunwọ̀n its kindness that pays wickedness is not laudable,1
mo mà gba ti bí ẹ ṣẹ nkọ yoòbá o ó dùn ún kà gidi ọlọ́run á túbọ̀ mú ọwọ́ yín ròkè o,1
ẹ kú ìrlẹ o ọmọ ẹ si kú ìgbádùn òpin ọṣẹ́ àti ọdún,1
àwọn ọlópàá tí wọ́n ndáàbò bo àwọn èrò ìrọwọ́rọsẹ̀ ni gbogbo nkan nlọ wọ́n kú iṣẹ́ o,1
